,year,name,percent,sex
0,1880,John,0.081541,boy
1,1880,William,0.080511,boy
2,1880,James,0.050057,boy
3,1880,Charles,0.045167,boy
4,1880,George,0.043292,boy
5,1880,Frank,0.02738,boy
6,1880,Joseph,0.022229,boy
7,1880,Thomas,0.021401,boy
8,1880,Henry,0.020641,boy
9,1880,Robert,0.020404,boy
10,1880,Edward,0.019965,boy
11,1880,Harry,0.018175,boy
12,1880,Walter,0.014822,boy
13,1880,Arthur,0.013504,boy
14,1880,Fred,0.013251,boy
15,1880,Albert,0.012609,boy
16,1880,Samuel,0.008648,boy
17,1880,David,0.007339,boy
18,1880,Louis,0.006993,boy
19,1880,Joe,0.006174,boy
20,1880,Charlie,0.006165,boy
21,1880,Clarence,0.006165,boy
22,1880,Richard,0.006148,boy
23,1880,Andrew,0.005439,boy
24,1880,Daniel,0.00543,boy
25,1880,Ernest,0.005194,boy
26,1880,Will,0.004966,boy
27,1880,Jesse,0.004805,boy
28,1880,Oscar,0.004594,boy
29,1880,Lewis,0.004366,boy
30,1880,Peter,0.004189,boy
31,1880,Benjamin,0.004138,boy
32,1880,Frederick,0.004079,boy
33,1880,Willie,0.00402,boy
34,1880,Alfred,0.003961,boy
35,1880,Sam,0.00386,boy
36,1880,Roy,0.003716,boy
37,1880,Herbert,0.003581,boy
38,1880,Jacob,0.003412,boy
39,1880,Tom,0.00337,boy
40,1880,Elmer,0.00315,boy
41,1880,Carl,0.003142,boy
42,1880,Lee,0.003049,boy
43,1880,Howard,0.003015,boy
44,1880,Martin,0.003015,boy
45,1880,Michael,0.00299,boy
46,1880,Bert,0.002939,boy
47,1880,Herman,0.002931,boy
48,1880,Jim,0.002914,boy
49,1880,Francis,0.002905,boy
50,1880,Harvey,0.002905,boy
51,1880,Earl,0.002829,boy
52,1880,Eugene,0.00277,boy
53,1880,Ralph,0.002677,boy
54,1880,Ed,0.002618,boy
55,1880,Claude,0.00261,boy
56,1880,Edwin,0.00261,boy
57,1880,Ben,0.002576,boy
58,1880,Charley,0.002576,boy
59,1880,Paul,0.002542,boy
60,1880,Edgar,0.00239,boy
61,1880,Isaac,0.002314,boy
62,1880,Otto,0.002289,boy
63,1880,Luther,0.002196,boy
64,1880,Lawrence,0.00217,boy
65,1880,Ira,0.002103,boy
66,1880,Patrick,0.002094,boy
67,1880,Guy,0.002018,boy
68,1880,Oliver,0.001976,boy
69,1880,Theodore,0.001959,boy
70,1880,Hugh,0.001892,boy
71,1880,Clyde,0.001866,boy
72,1880,Alexander,0.001782,boy
73,1880,August,0.001774,boy
74,1880,Floyd,0.00174,boy
75,1880,Homer,0.001731,boy
76,1880,Jack,0.001723,boy
77,1880,Leonard,0.001689,boy
78,1880,Horace,0.001681,boy
79,1880,Marion,0.001596,boy
80,1880,Philip,0.001571,boy
81,1880,Allen,0.001554,boy
82,1880,Archie,0.001546,boy
83,1880,Stephen,0.001486,boy
84,1880,Chester,0.001419,boy
85,1880,Willis,0.001402,boy
86,1880,Raymond,0.001394,boy
87,1880,Rufus,0.001377,boy
88,1880,Warren,0.001334,boy
89,1880,Jessie,0.001301,boy
90,1880,Milton,0.001258,boy
91,1880,Alex,0.001241,boy
92,1880,Leo,0.001241,boy
93,1880,Julius,0.001208,boy
94,1880,Ray,0.001199,boy
95,1880,Sidney,0.001199,boy
96,1880,Bernard,0.001182,boy
97,1880,Dan,0.001182,boy
98,1880,Jerry,0.001149,boy
99,1880,Calvin,0.001132,boy
100,1880,Perry,0.001132,boy
101,1880,Dave,0.001106,boy
102,1880,Anthony,0.001098,boy
103,1880,Eddie,0.001089,boy
104,1880,Amos,0.001081,boy
105,1880,Dennis,0.001081,boy
106,1880,Clifford,0.001073,boy
107,1880,Leroy,0.001047,boy
108,1880,Wesley,0.001039,boy
109,1880,Alonzo,0.00103,boy
110,1880,Garfield,0.00103,boy
111,1880,Franklin,0.001013,boy
112,1880,Emil,0.001005,boy
113,1880,Leon,0.000997,boy
114,1880,Nathan,0.000963,boy
115,1880,Harold,0.000954,boy
116,1880,Matthew,0.000954,boy
117,1880,Levi,0.000946,boy
118,1880,Moses,0.000937,boy
119,1880,Everett,0.000929,boy
120,1880,Lester,0.000921,boy
121,1880,Winfield,0.000912,boy
122,1880,Adam,0.000878,boy
123,1880,Lloyd,0.000878,boy
124,1880,Mack,0.000878,boy
125,1880,Fredrick,0.00087,boy
126,1880,Jay,0.00087,boy
127,1880,Jess,0.00087,boy
128,1880,Melvin,0.00087,boy
129,1880,Noah,0.00087,boy
130,1880,Aaron,0.000861,boy
131,1880,Alvin,0.000861,boy
132,1880,Norman,0.000861,boy
133,1880,Gilbert,0.000853,boy
134,1880,Elijah,0.000845,boy
135,1880,Victor,0.000845,boy
136,1880,Gus,0.000836,boy
137,1880,Nelson,0.000836,boy
138,1880,Jasper,0.000828,boy
139,1880,Silas,0.000828,boy
140,1880,Christopher,0.000819,boy
141,1880,Jake,0.000811,boy
142,1880,Mike,0.000802,boy
143,1880,Percy,0.000794,boy
144,1880,Adolph,0.000785,boy
145,1880,Maurice,0.000785,boy
146,1880,Cornelius,0.000777,boy
147,1880,Felix,0.000777,boy
148,1880,Reuben,0.000777,boy
149,1880,Wallace,0.000769,boy
150,1880,Claud,0.00076,boy
151,1880,Roscoe,0.00076,boy
152,1880,Sylvester,0.000752,boy
153,1880,Earnest,0.000743,boy
154,1880,Hiram,0.000743,boy
155,1880,Otis,0.000743,boy
156,1880,Simon,0.000743,boy
157,1880,Willard,0.000743,boy
158,1880,Irvin,0.000726,boy
159,1880,Mark,0.000726,boy
160,1880,Jose,0.000709,boy
161,1880,Wilbur,0.000693,boy
162,1880,Abraham,0.000684,boy
163,1880,Virgil,0.000684,boy
164,1880,Clinton,0.000667,boy
165,1880,Elbert,0.000667,boy
166,1880,Leslie,0.000667,boy
167,1880,Marshall,0.000659,boy
168,1880,Owen,0.000659,boy
169,1880,Wiley,0.000659,boy
170,1880,Anton,0.00065,boy
171,1880,Morris,0.00065,boy
172,1880,Manuel,0.000633,boy
173,1880,Phillip,0.000633,boy
174,1880,Augustus,0.000625,boy
175,1880,Emmett,0.000625,boy
176,1880,Eli,0.000617,boy
177,1880,Nicholas,0.000617,boy
178,1880,Wilson,0.000608,boy
179,1880,Alva,0.000591,boy
180,1880,Harley,0.000591,boy
181,1880,Newton,0.000591,boy
182,1880,Timothy,0.000591,boy
183,1880,Marvin,0.000583,boy
184,1880,Ross,0.000583,boy
185,1880,Curtis,0.000574,boy
186,1880,Edmund,0.000566,boy
187,1880,Jeff,0.000557,boy
188,1880,Elias,0.000549,boy
189,1880,Harrison,0.000549,boy
190,1880,Stanley,0.000549,boy
191,1880,Columbus,0.000541,boy
192,1880,Lon,0.000541,boy
193,1880,Ora,0.000541,boy
194,1880,Ollie,0.000532,boy
195,1880,Russell,0.000532,boy
196,1880,Pearl,0.000524,boy
197,1880,Solomon,0.000524,boy
198,1880,Arch,0.000515,boy
199,1880,Asa,0.000507,boy
200,1880,Clayton,0.000507,boy
201,1880,Enoch,0.000507,boy
202,1880,Irving,0.000507,boy
203,1880,Mathew,0.000507,boy
204,1880,Nathaniel,0.000507,boy
205,1880,Scott,0.000507,boy
206,1880,Hubert,0.000498,boy
207,1880,Lemuel,0.000498,boy
208,1880,Andy,0.00049,boy
209,1880,Ellis,0.00049,boy
210,1880,Emanuel,0.000481,boy
211,1880,Joshua,0.000481,boy
212,1880,Millard,0.000473,boy
213,1880,Vernon,0.000473,boy
214,1880,Wade,0.000473,boy
215,1880,Cyrus,0.000456,boy
216,1880,Miles,0.000456,boy
217,1880,Rudolph,0.000456,boy
218,1880,Sherman,0.000456,boy
219,1880,Austin,0.000448,boy
220,1880,Bill,0.000448,boy
221,1880,Chas,0.000448,boy
222,1880,Lonnie,0.000448,boy
223,1880,Monroe,0.000448,boy
224,1880,Byron,0.000439,boy
225,1880,Edd,0.000439,boy
226,1880,Emery,0.000439,boy
227,1880,Grant,0.000439,boy
228,1880,Jerome,0.000439,boy
229,1880,Max,0.000439,boy
230,1880,Mose,0.000439,boy
231,1880,Steve,0.000439,boy
232,1880,Gordon,0.000431,boy
233,1880,Abe,0.000422,boy
234,1880,Pete,0.000422,boy
235,1880,Chris,0.000414,boy
236,1880,Clark,0.000414,boy
237,1880,Gustave,0.000414,boy
238,1880,Orville,0.000414,boy
239,1880,Lorenzo,0.000405,boy
240,1880,Bruce,0.000397,boy
241,1880,Marcus,0.000397,boy
242,1880,Preston,0.000397,boy
243,1880,Bob,0.000388,boy
244,1880,Dock,0.000388,boy
245,1880,Donald,0.000388,boy
246,1880,Jackson,0.000388,boy
247,1880,Cecil,0.00038,boy
248,1880,Barney,0.000372,boy
249,1880,Delbert,0.000372,boy
250,1880,Edmond,0.000372,boy
251,1880,Anderson,0.000363,boy
252,1880,Christian,0.000363,boy
253,1880,Glenn,0.000363,boy
254,1880,Jefferson,0.000363,boy
255,1880,Luke,0.000363,boy
256,1880,Neal,0.000363,boy
257,1880,Burt,0.000355,boy
258,1880,Ike,0.000355,boy
259,1880,Myron,0.000355,boy
260,1880,Tony,0.000355,boy
261,1880,Conrad,0.000346,boy
262,1880,Joel,0.000346,boy
263,1880,Matt,0.000346,boy
264,1880,Riley,0.000346,boy
265,1880,Vincent,0.000346,boy
266,1880,Emory,0.000338,boy
267,1880,Isaiah,0.000338,boy
268,1880,Nick,0.000338,boy
269,1880,Ezra,0.000329,boy
270,1880,Green,0.000329,boy
271,1880,Juan,0.000329,boy
272,1880,Clifton,0.000321,boy
273,1880,Lucius,0.000321,boy
274,1880,Porter,0.000321,boy
275,1880,Arnold,0.000312,boy
276,1880,Bud,0.000312,boy
277,1880,Jeremiah,0.000312,boy
278,1880,Taylor,0.000312,boy
279,1880,Forrest,0.000304,boy
280,1880,Roland,0.000304,boy
281,1880,Spencer,0.000296,boy
282,1880,Burton,0.000287,boy
283,1880,Don,0.000287,boy
284,1880,Emmet,0.000287,boy
285,1880,Gustav,0.000279,boy
286,1880,Louie,0.000279,boy
287,1880,Morgan,0.000279,boy
288,1880,Ned,0.000279,boy
289,1880,Van,0.000279,boy
290,1880,Ambrose,0.00027,boy
291,1880,Chauncey,0.00027,boy
292,1880,Elisha,0.00027,boy
293,1880,Ferdinand,0.00027,boy
294,1880,General,0.00027,boy
295,1880,Julian,0.00027,boy
296,1880,Kenneth,0.00027,boy
297,1880,Mitchell,0.00027,boy
298,1880,Allie,0.000262,boy
299,1880,Josh,0.000262,boy
300,1880,Judson,0.000262,boy
301,1880,Lyman,0.000262,boy
302,1880,Napoleon,0.000262,boy
303,1880,Pedro,0.000262,boy
304,1880,Berry,0.000253,boy
305,1880,Dewitt,0.000253,boy
306,1880,Ervin,0.000253,boy
307,1880,Forest,0.000253,boy
308,1880,Lynn,0.000253,boy
309,1880,Pink,0.000253,boy
310,1880,Ruben,0.000253,boy
311,1880,Sanford,0.000253,boy
312,1880,Ward,0.000253,boy
313,1880,Douglas,0.000245,boy
314,1880,Ole,0.000245,boy
315,1880,Omer,0.000245,boy
316,1880,Ulysses,0.000245,boy
317,1880,Walker,0.000245,boy
318,1880,Wilbert,0.000245,boy
319,1880,Adelbert,0.000236,boy
320,1880,Benjiman,0.000236,boy
321,1880,Ivan,0.000236,boy
322,1880,Jonas,0.000236,boy
323,1880,Major,0.000236,boy
324,1880,Abner,0.000228,boy
325,1880,Archibald,0.000228,boy
326,1880,Caleb,0.000228,boy
327,1880,Clint,0.000228,boy
328,1880,Dudley,0.000228,boy
329,1880,Granville,0.000228,boy
330,1880,King,0.000228,boy
331,1880,Mary,0.000228,boy
332,1880,Merton,0.000228,boy
333,1880,Antonio,0.00022,boy
334,1880,Bennie,0.00022,boy
335,1880,Carroll,0.00022,boy
336,1880,Freeman,0.00022,boy
337,1880,Josiah,0.00022,boy
338,1880,Milo,0.00022,boy
339,1880,Royal,0.00022,boy
340,1880,Dick,0.000211,boy
341,1880,Earle,0.000211,boy
342,1880,Elza,0.000211,boy
343,1880,Emerson,0.000211,boy
344,1880,Fletcher,0.000211,boy
345,1880,Judge,0.000211,boy
346,1880,Laurence,0.000211,boy
347,1880,Neil,0.000211,boy
348,1880,Roger,0.000211,boy
349,1880,Seth,0.000211,boy
350,1880,Glen,0.000203,boy
351,1880,Hugo,0.000203,boy
352,1880,Jimmie,0.000203,boy
353,1880,Johnnie,0.000203,boy
354,1880,Washington,0.000203,boy
355,1880,Elwood,0.000194,boy
356,1880,Gust,0.000194,boy
357,1880,Harmon,0.000194,boy
358,1880,Jordan,0.000194,boy
359,1880,Simeon,0.000194,boy
360,1880,Wayne,0.000194,boy
361,1880,Wilber,0.000194,boy
362,1880,Clem,0.000186,boy
363,1880,Evan,0.000186,boy
364,1880,Frederic,0.000186,boy
365,1880,Irwin,0.000186,boy
366,1880,Junius,0.000186,boy
367,1880,Lafayette,0.000186,boy
368,1880,Loren,0.000186,boy
369,1880,Madison,0.000186,boy
370,1880,Mason,0.000186,boy
371,1880,Orval,0.000186,boy
372,1880,Abram,0.000177,boy
373,1880,Aubrey,0.000177,boy
374,1880,Elliott,0.000177,boy
375,1880,Hans,0.000177,boy
376,1880,Karl,0.000177,boy
377,1880,Minor,0.000177,boy
378,1880,Wash,0.000177,boy
379,1880,Wilfred,0.000177,boy
380,1880,Allan,0.000169,boy
381,1880,Alphonse,0.000169,boy
382,1880,Dallas,0.000169,boy
383,1880,Dee,0.000169,boy
384,1880,Isiah,0.000169,boy
385,1880,Jason,0.000169,boy
386,1880,Johnny,0.000169,boy
387,1880,Lawson,0.000169,boy
388,1880,Lew,0.000169,boy
389,1880,Micheal,0.000169,boy
390,1880,Orin,0.000169,boy
391,1880,Addison,0.00016,boy
392,1880,Cal,0.00016,boy
393,1880,Erastus,0.00016,boy
394,1880,Francisco,0.00016,boy
395,1880,Hardy,0.00016,boy
396,1880,Lucien,0.00016,boy
397,1880,Randolph,0.00016,boy
398,1880,Stewart,0.00016,boy
399,1880,Vern,0.00016,boy
400,1880,Wilmer,0.00016,boy
401,1880,Zack,0.00016,boy
402,1880,Adrian,0.000152,boy
403,1880,Alvah,0.000152,boy
404,1880,Bertram,0.000152,boy
405,1880,Clay,0.000152,boy
406,1880,Ephraim,0.000152,boy
407,1880,Fritz,0.000152,boy
408,1880,Giles,0.000152,boy
409,1880,Grover,0.000152,boy
410,1880,Harris,0.000152,boy
411,1880,Isom,0.000152,boy
412,1880,Jesus,0.000152,boy
413,1880,Johnie,0.000152,boy
414,1880,Jonathan,0.000152,boy
415,1880,Lucian,0.000152,boy
416,1880,Malcolm,0.000152,boy
417,1880,Merritt,0.000152,boy
418,1880,Otho,0.000152,boy
419,1880,Perley,0.000152,boy
420,1880,Rolla,0.000152,boy
421,1880,Sandy,0.000152,boy
422,1880,Tomas,0.000152,boy
423,1880,Wilford,0.000152,boy
424,1880,Adolphus,0.000144,boy
425,1880,Angus,0.000144,boy
426,1880,Arther,0.000144,boy
427,1880,Carlos,0.000144,boy
428,1880,Cary,0.000144,boy
429,1880,Cassius,0.000144,boy
430,1880,Davis,0.000144,boy
431,1880,Hamilton,0.000144,boy
432,1880,Harve,0.000144,boy
433,1880,Israel,0.000144,boy
434,1880,Leander,0.000144,boy
435,1880,Melville,0.000144,boy
436,1880,Merle,0.000144,boy
437,1880,Murray,0.000144,boy
438,1880,Pleasant,0.000144,boy
439,1880,Sterling,0.000144,boy
440,1880,Steven,0.000144,boy
441,1880,Axel,0.000135,boy
442,1880,Boyd,0.000135,boy
443,1880,Bryant,0.000135,boy
444,1880,Clement,0.000135,boy
445,1880,Erwin,0.000135,boy
446,1880,Ezekiel,0.000135,boy
447,1880,Foster,0.000135,boy
448,1880,Frances,0.000135,boy
449,1880,Geo,0.000135,boy
450,1880,Houston,0.000135,boy
451,1880,Issac,0.000135,boy
452,1880,Jules,0.000135,boy
453,1880,Larkin,0.000135,boy
454,1880,Mat,0.000135,boy
455,1880,Morton,0.000135,boy
456,1880,Orlando,0.000135,boy
457,1880,Pierce,0.000135,boy
458,1880,Prince,0.000135,boy
459,1880,Rollie,0.000135,boy
460,1880,Rollin,0.000135,boy
461,1880,Sim,0.000135,boy
462,1880,Stuart,0.000135,boy
463,1880,Wilburn,0.000135,boy
464,1880,Bennett,0.000127,boy
465,1880,Casper,0.000127,boy
466,1880,Christ,0.000127,boy
467,1880,Dell,0.000127,boy
468,1880,Egbert,0.000127,boy
469,1880,Elmo,0.000127,boy
470,1880,Fay,0.000127,boy
471,1880,Gabriel,0.000127,boy
472,1880,Hector,0.000127,boy
473,1880,Horatio,0.000127,boy
474,1880,Lige,0.000127,boy
475,1880,Saul,0.000127,boy
476,1880,Smith,0.000127,boy
477,1880,Squire,0.000127,boy
478,1880,Tobe,0.000127,boy
479,1880,Tommie,0.000127,boy
480,1880,Wyatt,0.000127,boy
481,1880,Alford,0.000118,boy
482,1880,Alma,0.000118,boy
483,1880,Alton,0.000118,boy
484,1880,Andres,0.000118,boy
485,1880,Burl,0.000118,boy
486,1880,Cicero,0.000118,boy
487,1880,Dean,0.000118,boy
488,1880,Dorsey,0.000118,boy
489,1880,Enos,0.000118,boy
490,1880,Howell,0.000118,boy
491,1880,Lou,0.000118,boy
492,1880,Loyd,0.000118,boy
493,1880,Mahlon,0.000118,boy
494,1880,Nat,0.000118,boy
495,1880,Omar,0.000118,boy
496,1880,Oran,0.000118,boy
497,1880,Parker,0.000118,boy
498,1880,Raleigh,0.000118,boy
499,1880,Reginald,0.000118,boy
500,1880,Rubin,0.000118,boy
501,1880,Seymour,0.000118,boy
502,1880,Wm,0.000118,boy
503,1880,Young,0.000118,boy
504,1880,Benjamine,0.00011,boy
505,1880,Carey,0.00011,boy
506,1880,Carlton,0.00011,boy
507,1880,Eldridge,0.00011,boy
508,1880,Elzie,0.00011,boy
509,1880,Garrett,0.00011,boy
510,1880,Isham,0.00011,boy
511,1880,Johnson,0.00011,boy
512,1880,Larry,0.00011,boy
513,1880,Logan,0.00011,boy
514,1880,Merrill,0.00011,boy
515,1880,Mont,0.00011,boy
516,1880,Oren,0.00011,boy
517,1880,Pierre,0.00011,boy
518,1880,Rex,0.00011,boy
519,1880,Rodney,0.00011,boy
520,1880,Ted,0.00011,boy
521,1880,Webster,0.00011,boy
522,1880,West,0.00011,boy
523,1880,Wheeler,0.00011,boy
524,1880,Willam,0.00011,boy
525,1880,Al,0.000101,boy
526,1880,Aloysius,0.000101,boy
527,1880,Alvie,0.000101,boy
528,1880,Anna,0.000101,boy
529,1880,Art,0.000101,boy
530,1880,Augustine,0.000101,boy
531,1880,Bailey,0.000101,boy
532,1880,Benjaman,0.000101,boy
533,1880,Beverly,0.000101,boy
534,1880,Bishop,0.000101,boy
535,1880,Clair,0.000101,boy
536,1880,Cloyd,0.000101,boy
537,1880,Coleman,0.000101,boy
538,1880,Dana,0.000101,boy
539,1880,Duncan,0.000101,boy
540,1880,Dwight,0.000101,boy
541,1880,Emile,0.000101,boy
542,1880,Evert,0.000101,boy
543,1880,Henderson,0.000101,boy
544,1880,Hunter,0.000101,boy
545,1880,Jean,0.000101,boy
546,1880,Lem,0.000101,boy
547,1880,Luis,0.000101,boy
548,1880,Mathias,0.000101,boy
549,1880,Maynard,0.000101,boy
550,1880,Miguel,0.000101,boy
551,1880,Mortimer,0.000101,boy
552,1880,Nels,0.000101,boy
553,1880,Norris,0.000101,boy
554,1880,Pat,0.000101,boy
555,1880,Phil,0.000101,boy
556,1880,Rush,0.000101,boy
557,1880,Santiago,0.000101,boy
558,1880,Sol,0.000101,boy
559,1880,Sydney,0.000101,boy
560,1880,Thaddeus,0.000101,boy
561,1880,Thornton,0.000101,boy
562,1880,Tim,0.000101,boy
563,1880,Travis,0.000101,boy
564,1880,Truman,0.000101,boy
565,1880,Watson,0.000101,boy
566,1880,Webb,0.000101,boy
567,1880,Wellington,0.000101,boy
568,1880,Winfred,0.000101,boy
569,1880,Wylie,0.000101,boy
570,1880,Alec,9.3e-05,boy
571,1880,Basil,9.3e-05,boy
572,1880,Baxter,9.3e-05,boy
573,1880,Bertrand,9.3e-05,boy
574,1880,Buford,9.3e-05,boy
575,1880,Burr,9.3e-05,boy
576,1880,Cleveland,9.3e-05,boy
577,1880,Colonel,9.3e-05,boy
578,1880,Dempsey,9.3e-05,boy
579,1880,Early,9.3e-05,boy
580,1880,Ellsworth,9.3e-05,boy
581,1880,Fate,9.3e-05,boy
582,1880,Finley,9.3e-05,boy
583,1880,Gabe,9.3e-05,boy
584,1880,Garland,9.3e-05,boy
585,1880,Gerald,9.3e-05,boy
586,1880,Herschel,9.3e-05,boy
587,1880,Hezekiah,9.3e-05,boy
588,1880,Justus,9.3e-05,boy
589,1880,Lindsey,9.3e-05,boy
590,1880,Marcellus,9.3e-05,boy
591,1880,Olaf,9.3e-05,boy
592,1880,Olin,9.3e-05,boy
593,1880,Pablo,9.3e-05,boy
594,1880,Rolland,9.3e-05,boy
595,1880,Turner,9.3e-05,boy
596,1880,Verne,9.3e-05,boy
597,1880,Volney,9.3e-05,boy
598,1880,Williams,9.3e-05,boy
599,1880,Almon,8.4e-05,boy
600,1880,Alois,8.4e-05,boy
601,1880,Alonza,8.4e-05,boy
602,1880,Anson,8.4e-05,boy
603,1880,Authur,8.4e-05,boy
604,1880,Benton,8.4e-05,boy
605,1880,Billie,8.4e-05,boy
606,1880,Cornelious,8.4e-05,boy
607,1880,Darius,8.4e-05,boy
608,1880,Denis,8.4e-05,boy
609,1880,Dillard,8.4e-05,boy
610,1880,Doctor,8.4e-05,boy
611,1880,Elvin,8.4e-05,boy
612,1880,Emma,8.4e-05,boy
613,1880,Eric,8.4e-05,boy
614,1880,Evans,8.4e-05,boy
615,1880,Gideon,8.4e-05,boy
616,1880,Haywood,8.4e-05,boy
617,1880,Hilliard,8.4e-05,boy
618,1880,Hosea,8.4e-05,boy
619,1880,Lincoln,8.4e-05,boy
620,1880,Lonzo,8.4e-05,boy
621,1880,Lucious,8.4e-05,boy
622,1880,Lum,8.4e-05,boy
623,1880,Malachi,8.4e-05,boy
624,1880,Newt,8.4e-05,boy
625,1880,Noel,8.4e-05,boy
626,1880,Orie,8.4e-05,boy
627,1880,Palmer,8.4e-05,boy
628,1880,Pinkney,8.4e-05,boy
629,1880,Shirley,8.4e-05,boy
630,1880,Sumner,8.4e-05,boy
631,1880,Terry,8.4e-05,boy
632,1880,Urban,8.4e-05,boy
633,1880,Uriah,8.4e-05,boy
634,1880,Valentine,8.4e-05,boy
635,1880,Waldo,8.4e-05,boy
636,1880,Warner,8.4e-05,boy
637,1880,Wong,8.4e-05,boy
638,1880,Zeb,8.4e-05,boy
639,1880,Abel,7.6e-05,boy
640,1880,Alden,7.6e-05,boy
641,1880,Archer,7.6e-05,boy
642,1880,Avery,7.6e-05,boy
643,1880,Carson,7.6e-05,boy
644,1880,Cullen,7.6e-05,boy
645,1880,Doc,7.6e-05,boy
646,1880,Eben,7.6e-05,boy
647,1880,Elige,7.6e-05,boy
648,1880,Elizabeth,7.6e-05,boy
649,1880,Elmore,7.6e-05,boy
650,1880,Ernst,7.6e-05,boy
651,1880,Finis,7.6e-05,boy
652,1880,Freddie,7.6e-05,boy
653,1880,Godfrey,7.6e-05,boy
654,1880,Guss,7.6e-05,boy
655,1880,Hamp,7.6e-05,boy
656,1880,Hermann,7.6e-05,boy
657,1880,Isadore,7.6e-05,boy
658,1880,Isreal,7.6e-05,boy
659,1880,Jones,7.6e-05,boy
660,1880,June,7.6e-05,boy
661,1880,Lacy,7.6e-05,boy
662,1880,Lafe,7.6e-05,boy
663,1880,Leland,7.6e-05,boy
664,1880,Llewellyn,7.6e-05,boy
665,1880,Ludwig,7.6e-05,boy
666,1880,Manford,7.6e-05,boy
667,1880,Maxwell,7.6e-05,boy
668,1880,Minnie,7.6e-05,boy
669,1880,Obie,7.6e-05,boy
670,1880,Octave,7.6e-05,boy
671,1880,Orrin,7.6e-05,boy
672,1880,Ossie,7.6e-05,boy
673,1880,Oswald,7.6e-05,boy
674,1880,Park,7.6e-05,boy
675,1880,Parley,7.6e-05,boy
676,1880,Ramon,7.6e-05,boy
677,1880,Rice,7.6e-05,boy
678,1880,Stonewall,7.6e-05,boy
679,1880,Theo,7.6e-05,boy
680,1880,Tillman,7.6e-05,boy
681,1880,Addie,6.8e-05,boy
682,1880,Aron,6.8e-05,boy
683,1880,Ashley,6.8e-05,boy
684,1880,Bernhard,6.8e-05,boy
685,1880,Bertie,6.8e-05,boy
686,1880,Berton,6.8e-05,boy
687,1880,Buster,6.8e-05,boy
688,1880,Butler,6.8e-05,boy
689,1880,Carleton,6.8e-05,boy
690,1880,Carrie,6.8e-05,boy
691,1880,Clara,6.8e-05,boy
692,1880,Clarance,6.8e-05,boy
693,1880,Clare,6.8e-05,boy
694,1880,Crawford,6.8e-05,boy
695,1880,Danial,6.8e-05,boy
696,1880,Dayton,6.8e-05,boy
697,1880,Dolphus,6.8e-05,boy
698,1880,Elder,6.8e-05,boy
699,1880,Ephriam,6.8e-05,boy
700,1880,Fayette,6.8e-05,boy
701,1880,Felipe,6.8e-05,boy
702,1880,Fernando,6.8e-05,boy
703,1880,Flem,6.8e-05,boy
704,1880,Florence,6.8e-05,boy
705,1880,Ford,6.8e-05,boy
706,1880,Harlan,6.8e-05,boy
707,1880,Hayes,6.8e-05,boy
708,1880,Henery,6.8e-05,boy
709,1880,Hoy,6.8e-05,boy
710,1880,Huston,6.8e-05,boy
711,1880,Ida,6.8e-05,boy
712,1880,Ivory,6.8e-05,boy
713,1880,Jonah,6.8e-05,boy
714,1880,Justin,6.8e-05,boy
715,1880,Lenard,6.8e-05,boy
716,1880,Leopold,6.8e-05,boy
717,1880,Lionel,6.8e-05,boy
718,1880,Manley,6.8e-05,boy
719,1880,Marquis,6.8e-05,boy
720,1880,Marshal,6.8e-05,boy
721,1880,Mart,6.8e-05,boy
722,1880,Odie,6.8e-05,boy
723,1880,Olen,6.8e-05,boy
724,1880,Oral,6.8e-05,boy
725,1880,Orley,6.8e-05,boy
726,1880,Otha,6.8e-05,boy
727,1880,Press,6.8e-05,boy
728,1880,Price,6.8e-05,boy
729,1880,Quincy,6.8e-05,boy
730,1880,Randall,6.8e-05,boy
731,1880,Rich,6.8e-05,boy
732,1880,Richmond,6.8e-05,boy
733,1880,Romeo,6.8e-05,boy
734,1880,Russel,6.8e-05,boy
735,1880,Rutherford,6.8e-05,boy
736,1880,Shade,6.8e-05,boy
737,1880,Shelby,6.8e-05,boy
738,1880,Solon,6.8e-05,boy
739,1880,Thurman,6.8e-05,boy
740,1880,Tilden,6.8e-05,boy
741,1880,Troy,6.8e-05,boy
742,1880,Woodson,6.8e-05,boy
743,1880,Worth,6.8e-05,boy
744,1880,Aden,5.9e-05,boy
745,1880,Alcide,5.9e-05,boy
746,1880,Alf,5.9e-05,boy
747,1880,Algie,5.9e-05,boy
748,1880,Arlie,5.9e-05,boy
749,1880,Bart,5.9e-05,boy
750,1880,Bedford,5.9e-05,boy
751,1880,Benito,5.9e-05,boy
752,1880,Billy,5.9e-05,boy
753,1880,Bird,5.9e-05,boy
754,1880,Birt,5.9e-05,boy
755,1880,Bruno,5.9e-05,boy
756,1880,Burley,5.9e-05,boy
757,1880,Chancy,5.9e-05,boy
758,1880,Claus,5.9e-05,boy
759,1880,Cliff,5.9e-05,boy
760,1880,Clovis,5.9e-05,boy
761,1880,Connie,5.9e-05,boy
762,1880,Creed,5.9e-05,boy
763,1880,Delos,5.9e-05,boy
764,1880,Duke,5.9e-05,boy
765,1880,Eber,5.9e-05,boy
766,1880,Eligah,5.9e-05,boy
767,1880,Elliot,5.9e-05,boy
768,1880,Elton,5.9e-05,boy
769,1880,Emmitt,5.9e-05,boy
770,1880,Gene,5.9e-05,boy
771,1880,Golden,5.9e-05,boy
772,1880,Hal,5.9e-05,boy
773,1880,Hardin,5.9e-05,boy
774,1880,Harman,5.9e-05,boy
775,1880,Hervey,5.9e-05,boy
776,1880,Hollis,5.9e-05,boy
777,1880,Ivey,5.9e-05,boy
778,1880,Jennie,5.9e-05,boy
779,1880,Len,5.9e-05,boy
780,1880,Lindsay,5.9e-05,boy
781,1880,Lonie,5.9e-05,boy
782,1880,Lyle,5.9e-05,boy
783,1880,Mac,5.9e-05,boy
784,1880,Mal,5.9e-05,boy
785,1880,Math,5.9e-05,boy
786,1880,Miller,5.9e-05,boy
787,1880,Orson,5.9e-05,boy
788,1880,Osborne,5.9e-05,boy
789,1880,Percival,5.9e-05,boy
790,1880,Pleas,5.9e-05,boy
791,1880,Ples,5.9e-05,boy
792,1880,Rafael,5.9e-05,boy
793,1880,Raoul,5.9e-05,boy
794,1880,Roderick,5.9e-05,boy
795,1880,Rose,5.9e-05,boy
796,1880,Shelton,5.9e-05,boy
797,1880,Sid,5.9e-05,boy
798,1880,Theron,5.9e-05,boy
799,1880,Tobias,5.9e-05,boy
800,1880,Toney,5.9e-05,boy
801,1880,Tyler,5.9e-05,boy
802,1880,Vance,5.9e-05,boy
803,1880,Vivian,5.9e-05,boy
804,1880,Walton,5.9e-05,boy
805,1880,Watt,5.9e-05,boy
806,1880,Weaver,5.9e-05,boy
807,1880,Wilton,5.9e-05,boy
808,1880,Adolf,5.1e-05,boy
809,1880,Albin,5.1e-05,boy
810,1880,Albion,5.1e-05,boy
811,1880,Allison,5.1e-05,boy
812,1880,Alpha,5.1e-05,boy
813,1880,Alpheus,5.1e-05,boy
814,1880,Anastacio,5.1e-05,boy
815,1880,Andre,5.1e-05,boy
816,1880,Annie,5.1e-05,boy
817,1880,Arlington,5.1e-05,boy
818,1880,Armand,5.1e-05,boy
819,1880,Asberry,5.1e-05,boy
820,1880,Asbury,5.1e-05,boy
821,1880,Asher,5.1e-05,boy
822,1880,Augustin,5.1e-05,boy
823,1880,Auther,5.1e-05,boy
824,1880,Author,5.1e-05,boy
825,1880,Ballard,5.1e-05,boy
826,1880,Blas,5.1e-05,boy
827,1880,Caesar,5.1e-05,boy
828,1880,Candido,5.1e-05,boy
829,1880,Cato,5.1e-05,boy
830,1880,Clarke,5.1e-05,boy
831,1880,Clemente,5.1e-05,boy
832,1880,Colin,5.1e-05,boy
833,1880,Commodore,5.1e-05,boy
834,1880,Cora,5.1e-05,boy
835,1880,Coy,5.1e-05,boy
836,1880,Cruz,5.1e-05,boy
837,1880,Curt,5.1e-05,boy
838,1880,Damon,5.1e-05,boy
839,1880,Davie,5.1e-05,boy
840,1880,Delmar,5.1e-05,boy
841,1880,Dexter,5.1e-05,boy
842,1880,Dora,5.1e-05,boy
843,1880,Doss,5.1e-05,boy
844,1880,Drew,5.1e-05,boy
845,1880,Edson,5.1e-05,boy
846,1880,Elam,5.1e-05,boy
847,1880,Elihu,5.1e-05,boy
848,1880,Eliza,5.1e-05,boy
849,1880,Elsie,5.1e-05,boy
850,1880,Erie,5.1e-05,boy
851,1880,Ernie,5.1e-05,boy
852,1880,Ethel,5.1e-05,boy
853,1880,Ferd,5.1e-05,boy
854,1880,Friend,5.1e-05,boy
855,1880,Garry,5.1e-05,boy
856,1880,Gary,5.1e-05,boy
857,1880,Grace,5.1e-05,boy
858,1880,Gustaf,5.1e-05,boy
859,1880,Hallie,5.1e-05,boy
860,1880,Hampton,5.1e-05,boy
861,1880,Harrie,5.1e-05,boy
862,1880,Hattie,5.1e-05,boy
863,1880,Hence,5.1e-05,boy
864,1880,Hillard,5.1e-05,boy
865,1880,Hollie,5.1e-05,boy
866,1880,Holmes,5.1e-05,boy
867,1880,Hope,5.1e-05,boy
868,1880,Hyman,5.1e-05,boy
869,1880,Ishmael,5.1e-05,boy
870,1880,Jarrett,5.1e-05,boy
871,1880,Jessee,5.1e-05,boy
872,1880,Joeseph,5.1e-05,boy
873,1880,Junious,5.1e-05,boy
874,1880,Kirk,5.1e-05,boy
875,1880,Levy,5.1e-05,boy
876,1880,Mervin,5.1e-05,boy
877,1880,Michel,5.1e-05,boy
878,1880,Milford,5.1e-05,boy
879,1880,Mitchel,5.1e-05,boy
880,1880,Nellie,5.1e-05,boy
881,1880,Noble,5.1e-05,boy
882,1880,Obed,5.1e-05,boy
883,1880,Oda,5.1e-05,boy
884,1880,Orren,5.1e-05,boy
885,1880,Ottis,5.1e-05,boy
886,1880,Rafe,5.1e-05,boy
887,1880,Redden,5.1e-05,boy
888,1880,Reese,5.1e-05,boy
889,1880,Rube,5.1e-05,boy
890,1880,Ruby,5.1e-05,boy
891,1880,Rupert,5.1e-05,boy
892,1880,Salomon,5.1e-05,boy
893,1880,Sammie,5.1e-05,boy
894,1880,Sanders,5.1e-05,boy
895,1880,Soloman,5.1e-05,boy
896,1880,Stacy,5.1e-05,boy
897,1880,Stanford,5.1e-05,boy
898,1880,Stanton,5.1e-05,boy
899,1880,Thad,5.1e-05,boy
900,1880,Titus,5.1e-05,boy
901,1880,Tracy,5.1e-05,boy
902,1880,Vernie,5.1e-05,boy
903,1880,Wendell,5.1e-05,boy
904,1880,Wilhelm,5.1e-05,boy
905,1880,Willian,5.1e-05,boy
906,1880,Yee,5.1e-05,boy
907,1880,Zeke,5.1e-05,boy
908,1880,Ab,4.2e-05,boy
909,1880,Abbott,4.2e-05,boy
910,1880,Agustus,4.2e-05,boy
911,1880,Albertus,4.2e-05,boy
912,1880,Almer,4.2e-05,boy
913,1880,Alphonso,4.2e-05,boy
914,1880,Alvia,4.2e-05,boy
915,1880,Artie,4.2e-05,boy
916,1880,Arvid,4.2e-05,boy
917,1880,Ashby,4.2e-05,boy
918,1880,Augusta,4.2e-05,boy
919,1880,Aurthur,4.2e-05,boy
920,1880,Babe,4.2e-05,boy
921,1880,Baldwin,4.2e-05,boy
922,1880,Barnett,4.2e-05,boy
923,1880,Bartholomew,4.2e-05,boy
924,1880,Barton,4.2e-05,boy
925,1880,Bernie,4.2e-05,boy
926,1880,Blaine,4.2e-05,boy
927,1880,Boston,4.2e-05,boy
928,1880,Brad,4.2e-05,boy
929,1880,Bradford,4.2e-05,boy
930,1880,Bradley,4.2e-05,boy
931,1880,Brooks,4.2e-05,boy
932,1880,Buck,4.2e-05,boy
933,1880,Budd,4.2e-05,boy
934,1880,Ceylon,4.2e-05,boy
935,1880,Chalmers,4.2e-05,boy
936,1880,Chesley,4.2e-05,boy
937,1880,Chin,4.2e-05,boy
938,1880,Cleo,4.2e-05,boy
939,1880,Crockett,4.2e-05,boy
940,1880,Cyril,4.2e-05,boy
941,1880,Daisy,4.2e-05,boy
942,1880,Denver,4.2e-05,boy
943,1880,Dow,4.2e-05,boy
944,1880,Duff,4.2e-05,boy
945,1880,Edie,4.2e-05,boy
946,1880,Edith,4.2e-05,boy
947,1880,Elick,4.2e-05,boy
948,1880,Elie,4.2e-05,boy
949,1880,Eliga,4.2e-05,boy
950,1880,Eliseo,4.2e-05,boy
951,1880,Elroy,4.2e-05,boy
952,1880,Ely,4.2e-05,boy
953,1880,Ennis,4.2e-05,boy
954,1880,Enrique,4.2e-05,boy
955,1880,Erasmus,4.2e-05,boy
956,1880,Esau,4.2e-05,boy
957,1880,Everette,4.2e-05,boy
958,1880,Firman,4.2e-05,boy
959,1880,Fleming,4.2e-05,boy
960,1880,Flora,4.2e-05,boy
961,1880,Gardner,4.2e-05,boy
962,1880,Gee,4.2e-05,boy
963,1880,Gorge,4.2e-05,boy
964,1880,Gottlieb,4.2e-05,boy
965,1880,Gregorio,4.2e-05,boy
966,1880,Gregory,4.2e-05,boy
967,1880,Gustavus,4.2e-05,boy
968,1880,Halsey,4.2e-05,boy
969,1880,Handy,4.2e-05,boy
970,1880,Hardie,4.2e-05,boy
971,1880,Harl,4.2e-05,boy
972,1880,Hayden,4.2e-05,boy
973,1880,Hays,4.2e-05,boy
974,1880,Hermon,4.2e-05,boy
975,1880,Hershel,4.2e-05,boy
976,1880,Holly,4.2e-05,boy
977,1880,Hosteen,4.2e-05,boy
978,1880,Hoyt,4.2e-05,boy
979,1880,Hudson,4.2e-05,boy
980,1880,Huey,4.2e-05,boy
981,1880,Humphrey,4.2e-05,boy
982,1880,Hunt,4.2e-05,boy
983,1880,Hyrum,4.2e-05,boy
984,1880,Irven,4.2e-05,boy
985,1880,Isam,4.2e-05,boy
986,1880,Ivy,4.2e-05,boy
987,1880,Jabez,4.2e-05,boy
988,1880,Jewel,4.2e-05,boy
989,1880,Jodie,4.2e-05,boy
990,1880,Judd,4.2e-05,boy
991,1880,Julious,4.2e-05,boy
992,1880,Justice,4.2e-05,boy
993,1880,Katherine,4.2e-05,boy
994,1880,Kelly,4.2e-05,boy
995,1880,Kit,4.2e-05,boy
996,1880,Knute,4.2e-05,boy
997,1880,Lavern,4.2e-05,boy
998,1880,Lawyer,4.2e-05,boy
999,1880,Layton,4.2e-05,boy
1000,1881,John,0.080975,boy
1001,1881,William,0.078712,boy
1002,1881,James,0.050253,boy
1003,1881,George,0.043068,boy
1004,1881,Charles,0.042828,boy
1005,1881,Frank,0.02617,boy
1006,1881,Joseph,0.022679,boy
1007,1881,Henry,0.021599,boy
1008,1881,Thomas,0.021072,boy
1009,1881,Edward,0.020103,boy
1010,1881,Robert,0.019761,boy
1011,1881,Harry,0.018487,boy
1012,1881,Walter,0.015421,boy
1013,1881,Arthur,0.014544,boy
1014,1881,Fred,0.013094,boy
1015,1881,Albert,0.01218,boy
1016,1881,Samuel,0.008486,boy
1017,1881,David,0.006926,boy
1018,1881,Louis,0.006889,boy
1019,1881,Charlie,0.006168,boy
1020,1881,Clarence,0.006168,boy
1021,1881,Richard,0.005919,boy
1022,1881,Joe,0.005901,boy
1023,1881,Andrew,0.00543,boy
1024,1881,Ernest,0.005273,boy
1025,1881,Will,0.005079,boy
1026,1881,Jesse,0.00495,boy
1027,1881,Oscar,0.004894,boy
1028,1881,Daniel,0.004866,boy
1029,1881,Willie,0.004599,boy
1030,1881,Benjamin,0.004442,boy
1031,1881,Sam,0.004442,boy
1032,1881,Alfred,0.004303,boy
1033,1881,Roy,0.004063,boy
1034,1881,Lewis,0.004054,boy
1035,1881,Frederick,0.003998,boy
1036,1881,Peter,0.003952,boy
1037,1881,Elmer,0.003583,boy
1038,1881,Jacob,0.003518,boy
1039,1881,Herbert,0.003407,boy
1040,1881,Carl,0.003315,boy
1041,1881,Howard,0.003315,boy
1042,1881,Tom,0.003223,boy
1043,1881,Lee,0.003158,boy
1044,1881,Ralph,0.003038,boy
1045,1881,Martin,0.00302,boy
1046,1881,Jim,0.002983,boy
1047,1881,Earl,0.0029,boy
1048,1881,Eugene,0.0029,boy
1049,1881,Bert,0.002881,boy
1050,1881,Edgar,0.002881,boy
1051,1881,Herman,0.002807,boy
1052,1881,Claude,0.002789,boy
1053,1881,Michael,0.002761,boy
1054,1881,Paul,0.002687,boy
1055,1881,Ben,0.002669,boy
1056,1881,Ira,0.002641,boy
1057,1881,Harvey,0.002604,boy
1058,1881,Chester,0.00253,boy
1059,1881,Edwin,0.00253,boy
1060,1881,Ed,0.002512,boy
1061,1881,Charley,0.002456,boy
1062,1881,Francis,0.002392,boy
1063,1881,Isaac,0.002382,boy
1064,1881,Luther,0.002299,boy
1065,1881,Lawrence,0.002253,boy
1066,1881,Oliver,0.002198,boy
1067,1881,Clyde,0.002142,boy
1068,1881,Otto,0.002041,boy
1069,1881,Hugh,0.002032,boy
1070,1881,Alexander,0.00193,boy
1071,1881,Leonard,0.001902,boy
1072,1881,Jack,0.001819,boy
1073,1881,Raymond,0.001801,boy
1074,1881,Patrick,0.001736,boy
1075,1881,Guy,0.001718,boy
1076,1881,Homer,0.001671,boy
1077,1881,Floyd,0.001653,boy
1078,1881,Theodore,0.001644,boy
1079,1881,Allen,0.001588,boy
1080,1881,August,0.001588,boy
1081,1881,Marion,0.001496,boy
1082,1881,Philip,0.001441,boy
1083,1881,Warren,0.001441,boy
1084,1881,Horace,0.001404,boy
1085,1881,Dan,0.001367,boy
1086,1881,Ray,0.001367,boy
1087,1881,Garfield,0.001357,boy
1088,1881,Stephen,0.001357,boy
1089,1881,Emil,0.001339,boy
1090,1881,Jessie,0.00132,boy
1091,1881,Milton,0.00132,boy
1092,1881,Willis,0.001311,boy
1093,1881,Calvin,0.001274,boy
1094,1881,Dave,0.001247,boy
1095,1881,Bernard,0.0012,boy
1096,1881,Julius,0.001191,boy
1097,1881,Leroy,0.001191,boy
1098,1881,Sidney,0.001191,boy
1099,1881,Anthony,0.001182,boy
1100,1881,Archie,0.001154,boy
1101,1881,Perry,0.001136,boy
1102,1881,Leo,0.001127,boy
1103,1881,Leon,0.001117,boy
1104,1881,Rufus,0.001117,boy
1105,1881,Harold,0.001108,boy
1106,1881,Franklin,0.00108,boy
1107,1881,Adam,0.001071,boy
1108,1881,Alex,0.001053,boy
1109,1881,Alonzo,0.001025,boy
1110,1881,Everett,0.001025,boy
1111,1881,Clifford,0.001016,boy
1112,1881,Victor,0.001016,boy
1113,1881,Eddie,0.001007,boy
1114,1881,Alvin,0.00097,boy
1115,1881,Levi,0.00096,boy
1116,1881,Amos,0.000942,boy
1117,1881,Roscoe,0.000942,boy
1118,1881,Wesley,0.000942,boy
1119,1881,Dennis,0.000914,boy
1120,1881,Eli,0.000896,boy
1121,1881,Jerry,0.000896,boy
1122,1881,Jay,0.000886,boy
1123,1881,Hiram,0.000877,boy
1124,1881,Norman,0.000877,boy
1125,1881,Percy,0.000877,boy
1126,1881,Aaron,0.000868,boy
1127,1881,Gus,0.000868,boy
1128,1881,Mark,0.000868,boy
1129,1881,Willard,0.000868,boy
1130,1881,Moses,0.000859,boy
1131,1881,Earnest,0.00085,boy
1132,1881,Gilbert,0.00085,boy
1133,1881,Jake,0.00085,boy
1134,1881,Leslie,0.00085,boy
1135,1881,Nathan,0.00084,boy
1136,1881,Adolph,0.000831,boy
1137,1881,Nelson,0.000831,boy
1138,1881,Otis,0.000822,boy
1139,1881,Irvin,0.000813,boy
1140,1881,Wallace,0.000813,boy
1141,1881,Clinton,0.000803,boy
1142,1881,Lester,0.000803,boy
1143,1881,Lloyd,0.000803,boy
1144,1881,Morris,0.000803,boy
1145,1881,Abraham,0.000794,boy
1146,1881,Jess,0.000785,boy
1147,1881,Elbert,0.000776,boy
1148,1881,Phillip,0.000776,boy
1149,1881,Jasper,0.000766,boy
1150,1881,Ross,0.000757,boy
1151,1881,Noah,0.000748,boy
1152,1881,Wilbur,0.000748,boy
1153,1881,Claud,0.000739,boy
1154,1881,Cornelius,0.000739,boy
1155,1881,Mack,0.000739,boy
1156,1881,Matthew,0.000739,boy
1157,1881,Lonnie,0.000711,boy
1158,1881,Jose,0.000702,boy
1159,1881,Melvin,0.000702,boy
1160,1881,Stanley,0.000702,boy
1161,1881,Sylvester,0.000702,boy
1162,1881,Wiley,0.000702,boy
1163,1881,Simon,0.000693,boy
1164,1881,Reuben,0.000674,boy
1165,1881,Silas,0.000674,boy
1166,1881,Wilson,0.000674,boy
1167,1881,Curtis,0.000665,boy
1168,1881,Felix,0.000665,boy
1169,1881,Maurice,0.000665,boy
1170,1881,Alva,0.000646,boy
1171,1881,Elijah,0.000637,boy
1172,1881,Christopher,0.000628,boy
1173,1881,Owen,0.000619,boy
1174,1881,Austin,0.000609,boy
1175,1881,Clark,0.000609,boy
1176,1881,Max,0.000609,boy
1177,1881,Asa,6e-04,boy
1178,1881,Emmett,6e-04,boy
1179,1881,Fredrick,6e-04,boy
1180,1881,Russell,6e-04,boy
1181,1881,Virgil,6e-04,boy
1182,1881,Winfield,6e-04,boy
1183,1881,Mose,0.000582,boy
1184,1881,Timothy,0.000582,boy
1185,1881,Rudolph,0.000573,boy
1186,1881,Edmund,0.000563,boy
1187,1881,Harley,0.000563,boy
1188,1881,Harrison,0.000563,boy
1189,1881,Jeff,0.000563,boy
1190,1881,Orville,0.000563,boy
1191,1881,Irving,0.000554,boy
1192,1881,Andy,0.000536,boy
1193,1881,Ellis,0.000536,boy
1194,1881,Lemuel,0.000536,boy
1195,1881,Monroe,0.000536,boy
1196,1881,Anton,0.000526,boy
1197,1881,Joel,0.000526,boy
1198,1881,Manuel,0.000526,boy
1199,1881,Marvin,0.000526,boy
1200,1881,Pete,0.000526,boy
1201,1881,Vernon,0.000526,boy
1202,1881,Marshall,0.000517,boy
1203,1881,Nicholas,0.000517,boy
1204,1881,Ike,0.000508,boy
1205,1881,Mathew,0.000508,boy
1206,1881,Ora,0.000508,boy
1207,1881,Christian,0.000489,boy
1208,1881,Emery,0.000489,boy
1209,1881,Newton,0.000489,boy
1210,1881,Chris,0.00048,boy
1211,1881,Clayton,0.00048,boy
1212,1881,Pearl,0.00048,boy
1213,1881,Wade,0.00048,boy
1214,1881,Augustus,0.000471,boy
1215,1881,Columbus,0.000471,boy
1216,1881,Scott,0.000471,boy
1217,1881,Bob,0.000462,boy
1218,1881,Solomon,0.000452,boy
1219,1881,Emanuel,0.000443,boy
1220,1881,Nathaniel,0.000443,boy
1221,1881,Riley,0.000434,boy
1222,1881,Sherman,0.000434,boy
1223,1881,Glenn,0.000416,boy
1224,1881,Johnnie,0.000416,boy
1225,1881,Juan,0.000416,boy
1226,1881,Marcus,0.000416,boy
1227,1881,Ollie,0.000416,boy
1228,1881,Enoch,0.000406,boy
1229,1881,Ezra,0.000406,boy
1230,1881,Mike,0.000406,boy
1231,1881,Steve,0.000406,boy
1232,1881,Ambrose,0.000397,boy
1233,1881,Arch,0.000397,boy
1234,1881,Dock,0.000397,boy
1235,1881,Hubert,0.000397,boy
1236,1881,Bill,0.000388,boy
1237,1881,Burton,0.000388,boy
1238,1881,Edmond,0.000388,boy
1239,1881,Emory,0.000388,boy
1240,1881,Luke,0.000388,boy
1241,1881,Ole,0.000388,boy
1242,1881,Elias,0.000379,boy
1243,1881,Anderson,0.000369,boy
1244,1881,Barney,0.000369,boy
1245,1881,Byron,0.000369,boy
1246,1881,Cyrus,0.000369,boy
1247,1881,Edd,0.000369,boy
1248,1881,Joshua,0.000369,boy
1249,1881,Major,0.000369,boy
1250,1881,Miles,0.000369,boy
1251,1881,Chas,0.00036,boy
1252,1881,Clifton,0.00036,boy
1253,1881,Gustave,0.00036,boy
1254,1881,Nick,0.00036,boy
1255,1881,Taylor,0.00036,boy
1256,1881,Bud,0.000351,boy
1257,1881,Jerome,0.000351,boy
1258,1881,Lucius,0.000351,boy
1259,1881,Burt,0.000342,boy
1260,1881,Ward,0.000342,boy
1261,1881,Abe,0.000332,boy
1262,1881,Hugo,0.000332,boy
1263,1881,Julian,0.000332,boy
1264,1881,Millard,0.000332,boy
1265,1881,Preston,0.000332,boy
1266,1881,Tony,0.000332,boy
1267,1881,Cecil,0.000323,boy
1268,1881,Seth,0.000323,boy
1269,1881,Bruce,0.000314,boy
1270,1881,Fletcher,0.000314,boy
1271,1881,Jeremiah,0.000314,boy
1272,1881,Grant,0.000305,boy
1273,1881,Green,0.000305,boy
1274,1881,Neal,0.000305,boy
1275,1881,Bennie,0.000295,boy
1276,1881,Conrad,0.000295,boy
1277,1881,Dee,0.000295,boy
1278,1881,Ervin,0.000295,boy
1279,1881,Gordon,0.000295,boy
1280,1881,Grover,0.000295,boy
1281,1881,Isaiah,0.000295,boy
1282,1881,Lorenzo,0.000295,boy
1283,1881,Porter,0.000295,boy
1284,1881,Van,0.000295,boy
1285,1881,Glen,0.000286,boy
1286,1881,Jefferson,0.000286,boy
1287,1881,Louie,0.000286,boy
1288,1881,Abner,0.000277,boy
1289,1881,Abram,0.000277,boy
1290,1881,Dudley,0.000277,boy
1291,1881,Lucian,0.000277,boy
1292,1881,Roland,0.000277,boy
1293,1881,Vincent,0.000277,boy
1294,1881,Wayne,0.000277,boy
1295,1881,Arnold,0.000268,boy
1296,1881,Elisha,0.000268,boy
1297,1881,Elwood,0.000268,boy
1298,1881,Karl,0.000268,boy
1299,1881,Kenneth,0.000268,boy
1300,1881,Mary,0.000268,boy
1301,1881,Matt,0.000268,boy
1302,1881,Myron,0.000268,boy
1303,1881,Pink,0.000268,boy
1304,1881,Roger,0.000268,boy
1305,1881,Wilbert,0.000268,boy
1306,1881,Donald,0.000259,boy
1307,1881,Forrest,0.000259,boy
1308,1881,Irwin,0.000259,boy
1309,1881,Jackson,0.000259,boy
1310,1881,Laurence,0.000259,boy
1311,1881,Madison,0.000259,boy
1312,1881,Sanford,0.000259,boy
1313,1881,Archibald,0.000249,boy
1314,1881,Delbert,0.000249,boy
1315,1881,Lon,0.000249,boy
1316,1881,Stewart,0.000249,boy
1317,1881,Antonio,0.00024,boy
1318,1881,Chauncey,0.00024,boy
1319,1881,Don,0.00024,boy
1320,1881,Noble,0.00024,boy
1321,1881,Otho,0.00024,boy
1322,1881,Spencer,0.00024,boy
1323,1881,Avery,0.000231,boy
1324,1881,Dallas,0.000231,boy
1325,1881,Freeman,0.000231,boy
1326,1881,Jonas,0.000231,boy
1327,1881,Lige,0.000231,boy
1328,1881,Napoleon,0.000231,boy
1329,1881,Walker,0.000231,boy
1330,1881,Zack,0.000231,boy
1331,1881,Boyd,0.000222,boy
1332,1881,Clay,0.000222,boy
1333,1881,Dewitt,0.000222,boy
1334,1881,Emmet,0.000222,boy
1335,1881,Evan,0.000222,boy
1336,1881,General,0.000222,boy
1337,1881,Isiah,0.000222,boy
1338,1881,Josiah,0.000222,boy
1339,1881,Omer,0.000222,boy
1340,1881,Perley,0.000222,boy
1341,1881,Ferdinand,0.000212,boy
1342,1881,Hans,0.000212,boy
1343,1881,Israel,0.000212,boy
1344,1881,Judson,0.000212,boy
1345,1881,Morgan,0.000212,boy
1346,1881,Waldo,0.000212,boy
1347,1881,Berry,0.000203,boy
1348,1881,Carroll,0.000203,boy
1349,1881,Clement,0.000203,boy
1350,1881,Elliott,0.000203,boy
1351,1881,Ezekiel,0.000203,boy
1352,1881,Foster,0.000203,boy
1353,1881,Gust,0.000203,boy
1354,1881,Jason,0.000203,boy
1355,1881,Josh,0.000203,boy
1356,1881,Junius,0.000203,boy
1357,1881,Loren,0.000203,boy
1358,1881,Wilfred,0.000203,boy
1359,1881,Adolphus,0.000194,boy
1360,1881,Allie,0.000194,boy
1361,1881,Benjiman,0.000194,boy
1362,1881,Christ,0.000194,boy
1363,1881,Dwight,0.000194,boy
1364,1881,Earle,0.000194,boy
1365,1881,Francisco,0.000194,boy
1366,1881,Giles,0.000194,boy
1367,1881,Granville,0.000194,boy
1368,1881,Jonathan,0.000194,boy
1369,1881,Lafayette,0.000194,boy
1370,1881,Leander,0.000194,boy
1371,1881,Lyman,0.000194,boy
1372,1881,Lynn,0.000194,boy
1373,1881,Ruben,0.000194,boy
1374,1881,Dick,0.000185,boy
1375,1881,Elvin,0.000185,boy
1376,1881,Emerson,0.000185,boy
1377,1881,Emile,0.000185,boy
1378,1881,Isom,0.000185,boy
1379,1881,Jimmie,0.000185,boy
1380,1881,King,0.000185,boy
1381,1881,Mitchell,0.000185,boy
1382,1881,Orrin,0.000185,boy
1383,1881,Pat,0.000185,boy
1384,1881,Royal,0.000185,boy
1385,1881,Sim,0.000185,boy
1386,1881,Truman,0.000185,boy
1387,1881,Washington,0.000185,boy
1388,1881,Al,0.000175,boy
1389,1881,Carlos,0.000175,boy
1390,1881,Lem,0.000175,boy
1391,1881,Milo,0.000175,boy
1392,1881,Oren,0.000175,boy
1393,1881,Orlando,0.000175,boy
1394,1881,Allan,0.000166,boy
1395,1881,Arther,0.000166,boy
1396,1881,Caleb,0.000166,boy
1397,1881,Cicero,0.000166,boy
1398,1881,Clem,0.000166,boy
1399,1881,Clint,0.000166,boy
1400,1881,Dean,0.000166,boy
1401,1881,Forest,0.000166,boy
1402,1881,Gustav,0.000166,boy
1403,1881,Harmon,0.000166,boy
1404,1881,Ivan,0.000166,boy
1405,1881,Jordan,0.000166,boy
1406,1881,Ned,0.000166,boy
1407,1881,Nels,0.000166,boy
1408,1881,Phil,0.000166,boy
1409,1881,Randolph,0.000166,boy
1410,1881,Smith,0.000166,boy
1411,1881,Tomas,0.000166,boy
1412,1881,Turner,0.000166,boy
1413,1881,Ulysses,0.000166,boy
1414,1881,Vern,0.000166,boy
1415,1881,Wilford,0.000166,boy
1416,1881,Addison,0.000157,boy
1417,1881,Alford,0.000157,boy
1418,1881,Art,0.000157,boy
1419,1881,Benjamine,0.000157,boy
1420,1881,Enos,0.000157,boy
1421,1881,Erwin,0.000157,boy
1422,1881,Gabriel,0.000157,boy
1423,1881,Issac,0.000157,boy
1424,1881,Lucious,0.000157,boy
1425,1881,Malcolm,0.000157,boy
1426,1881,Merton,0.000157,boy
1427,1881,Micheal,0.000157,boy
1428,1881,Prince,0.000157,boy
1429,1881,Simeon,0.000157,boy
1430,1881,Anna,0.000148,boy
1431,1881,Carlton,0.000148,boy
1432,1881,Coleman,0.000148,boy
1433,1881,Douglas,0.000148,boy
1434,1881,Finis,0.000148,boy
1435,1881,Hardy,0.000148,boy
1436,1881,Hosea,0.000148,boy
1437,1881,Jules,0.000148,boy
1438,1881,Rolla,0.000148,boy
1439,1881,Tobe,0.000148,boy
1440,1881,Wash,0.000148,boy
1441,1881,Almon,0.000139,boy
1442,1881,Aubrey,0.000139,boy
1443,1881,Bertram,0.000139,boy
1444,1881,Casper,0.000139,boy
1445,1881,Ellsworth,0.000139,boy
1446,1881,Ephraim,0.000139,boy
1447,1881,Fay,0.000139,boy
1448,1881,Hamilton,0.000139,boy
1449,1881,Harris,0.000139,boy
1450,1881,Henery,0.000139,boy
1451,1881,Lou,0.000139,boy
1452,1881,Mat,0.000139,boy
1453,1881,Rollin,0.000139,boy
1454,1881,Sol,0.000139,boy
1455,1881,Steven,0.000139,boy
1456,1881,Verne,0.000139,boy
1457,1881,West,0.000139,boy
1458,1881,Wm,0.000139,boy
1459,1881,Adelbert,0.000129,boy
1460,1881,Alma,0.000129,boy
1461,1881,Aron,0.000129,boy
1462,1881,Axel,0.000129,boy
1463,1881,Bennett,0.000129,boy
1464,1881,Brown,0.000129,boy
1465,1881,Buck,0.000129,boy
1466,1881,Colonel,0.000129,boy
1467,1881,Elton,0.000129,boy
1468,1881,Elza,0.000129,boy
1469,1881,Gerald,0.000129,boy
1470,1881,Ivy,0.000129,boy
1471,1881,Johnie,0.000129,boy
1472,1881,Judge,0.000129,boy
1473,1881,Lenard,0.000129,boy
1474,1881,Minor,0.000129,boy
1475,1881,Morton,0.000129,boy
1476,1881,Murray,0.000129,boy
1477,1881,Nat,0.000129,boy
1478,1881,Newell,0.000129,boy
1479,1881,Norris,0.000129,boy
1480,1881,Pedro,0.000129,boy
1481,1881,Rollie,0.000129,boy
1482,1881,Sandy,0.000129,boy
1483,1881,Wilber,0.000129,boy
1484,1881,Wilburn,0.000129,boy
1485,1881,Wyatt,0.000129,boy
1486,1881,Davis,0.00012,boy
1487,1881,Dell,0.00012,boy
1488,1881,Doc,0.00012,boy
1489,1881,Fate,0.00012,boy
1490,1881,Frederic,0.00012,boy
1491,1881,Harlan,0.00012,boy
1492,1881,Harve,0.00012,boy
1493,1881,Henderson,0.00012,boy
1494,1881,Johnny,0.00012,boy
1495,1881,Logan,0.00012,boy
1496,1881,Mason,0.00012,boy
1497,1881,Merle,0.00012,boy
1498,1881,Merritt,0.00012,boy
1499,1881,Noel,0.00012,boy
1500,1881,Valentine,0.00012,boy
1501,1881,Wellington,0.00012,boy
1502,1881,Abel,0.000111,boy
1503,1881,Adrian,0.000111,boy
1504,1881,Alphonse,0.000111,boy
1505,1881,Carter,0.000111,boy
1506,1881,Cary,0.000111,boy
1507,1881,Cleveland,0.000111,boy
1508,1881,Crawford,0.000111,boy
1509,1881,Curt,0.000111,boy
1510,1881,Duncan,0.000111,boy
1511,1881,Early,0.000111,boy
1512,1881,Ernst,0.000111,boy
1513,1881,Frances,0.000111,boy
1514,1881,Gene,0.000111,boy
1515,1881,Hal,0.000111,boy
1516,1881,Hamp,0.000111,boy
1517,1881,Hezekiah,0.000111,boy
1518,1881,Lawson,0.000111,boy
1519,1881,Luis,0.000111,boy
1520,1881,Mathias,0.000111,boy
1521,1881,Olin,0.000111,boy
1522,1881,Parker,0.000111,boy
1523,1881,Pleasant,0.000111,boy
1524,1881,Reginald,0.000111,boy
1525,1881,Rich,0.000111,boy
1526,1881,Seymour,0.000111,boy
1527,1881,Solon,0.000111,boy
1528,1881,Stuart,0.000111,boy
1529,1881,Thaddeus,0.000111,boy
1530,1881,Tim,0.000111,boy
1531,1881,Winfred,0.000111,boy
1532,1881,Alton,0.000102,boy
1533,1881,Asbury,0.000102,boy
1534,1881,Bart,0.000102,boy
1535,1881,Benton,0.000102,boy
1536,1881,Beverly,0.000102,boy
1537,1881,Birt,0.000102,boy
1538,1881,Burl,0.000102,boy
1539,1881,Chin,0.000102,boy
1540,1881,Elihu,0.000102,boy
1541,1881,Erastus,0.000102,boy
1542,1881,Ford,0.000102,boy
1543,1881,Hampton,0.000102,boy
1544,1881,Houston,0.000102,boy
1545,1881,Johnson,0.000102,boy
1546,1881,Len,0.000102,boy
1547,1881,Lonzo,0.000102,boy
1548,1881,Loyd,0.000102,boy
1549,1881,Lucas,0.000102,boy
1550,1881,Lucien,0.000102,boy
1551,1881,Miller,0.000102,boy
1552,1881,Mortimer,0.000102,boy
1553,1881,Omar,0.000102,boy
1554,1881,Orval,0.000102,boy
1555,1881,Pierre,0.000102,boy
1556,1881,Raleigh,0.000102,boy
1557,1881,Ransom,0.000102,boy
1558,1881,Rush,0.000102,boy
1559,1881,Shelby,0.000102,boy
1560,1881,Tommie,0.000102,boy
1561,1881,Wilmer,0.000102,boy
1562,1881,Alonza,9.2e-05,boy
1563,1881,Artie,9.2e-05,boy
1564,1881,Bee,9.2e-05,boy
1565,1881,Benjaman,9.2e-05,boy
1566,1881,Bradley,9.2e-05,boy
1567,1881,Cal,9.2e-05,boy
1568,1881,Cloyd,9.2e-05,boy
1569,1881,Danial,9.2e-05,boy
1570,1881,Dexter,9.2e-05,boy
1571,1881,Emmitt,9.2e-05,boy
1572,1881,Finley,9.2e-05,boy
1573,1881,Guss,9.2e-05,boy
1574,1881,June,9.2e-05,boy
1575,1881,Lacy,9.2e-05,boy
1576,1881,Larkin,9.2e-05,boy
1577,1881,Meyer,9.2e-05,boy
1578,1881,Mont,9.2e-05,boy
1579,1881,Newt,9.2e-05,boy
1580,1881,Paris,9.2e-05,boy
1581,1881,Pleas,9.2e-05,boy
1582,1881,Rupert,9.2e-05,boy
1583,1881,Russel,9.2e-05,boy
1584,1881,Santiago,9.2e-05,boy
1585,1881,Sid,9.2e-05,boy
1586,1881,Soloman,9.2e-05,boy
1587,1881,Thornton,9.2e-05,boy
1588,1881,Walton,9.2e-05,boy
1589,1881,Warner,9.2e-05,boy
1590,1881,Watson,9.2e-05,boy
1591,1881,Willam,9.2e-05,boy
1592,1881,Wylie,9.2e-05,boy
1593,1881,Zeb,9.2e-05,boy
1594,1881,Allison,8.3e-05,boy
1595,1881,Alpha,8.3e-05,boy
1596,1881,Angus,8.3e-05,boy
1597,1881,Anson,8.3e-05,boy
1598,1881,Asberry,8.3e-05,boy
1599,1881,Basil,8.3e-05,boy
1600,1881,Bertie,8.3e-05,boy
1601,1881,Berton,8.3e-05,boy
1602,1881,Bryant,8.3e-05,boy
1603,1881,Buford,8.3e-05,boy
1604,1881,Byrd,8.3e-05,boy
1605,1881,Cassius,8.3e-05,boy
1606,1881,Clair,8.3e-05,boy
1607,1881,Cornelious,8.3e-05,boy
1608,1881,Dana,8.3e-05,boy
1609,1881,Deforest,8.3e-05,boy
1610,1881,Denis,8.3e-05,boy
1611,1881,Dillard,8.3e-05,boy
1612,1881,Dolph,8.3e-05,boy
1613,1881,Dorsey,8.3e-05,boy
1614,1881,Edith,8.3e-05,boy
1615,1881,Eldridge,8.3e-05,boy
1616,1881,Elmo,8.3e-05,boy
1617,1881,Emma,8.3e-05,boy
1618,1881,Eric,8.3e-05,boy
1619,1881,Freddie,8.3e-05,boy
1620,1881,Geo,8.3e-05,boy
1621,1881,Godfrey,8.3e-05,boy
1622,1881,Harper,8.3e-05,boy
1623,1881,Haywood,8.3e-05,boy
1624,1881,Jean,8.3e-05,boy
1625,1881,Jule,8.3e-05,boy
1626,1881,Lambert,8.3e-05,boy
1627,1881,Leland,8.3e-05,boy
1628,1881,Lew,8.3e-05,boy
1629,1881,Margaret,8.3e-05,boy
1630,1881,Marshal,8.3e-05,boy
1631,1881,Miguel,8.3e-05,boy
1632,1881,Milford,8.3e-05,boy
1633,1881,Ocie,8.3e-05,boy
1634,1881,Olen,8.3e-05,boy
1635,1881,Orange,8.3e-05,boy
1636,1881,Orin,8.3e-05,boy
1637,1881,Ottis,8.3e-05,boy
1638,1881,Park,8.3e-05,boy
1639,1881,Pinkney,8.3e-05,boy
1640,1881,Ples,8.3e-05,boy
1641,1881,Press,8.3e-05,boy
1642,1881,Rafael,8.3e-05,boy
1643,1881,Ramon,8.3e-05,boy
1644,1881,Randall,8.3e-05,boy
1645,1881,Reece,8.3e-05,boy
1646,1881,Roe,8.3e-05,boy
1647,1881,Rube,8.3e-05,boy
1648,1881,Thad,8.3e-05,boy
1649,1881,Vivian,8.3e-05,boy
1650,1881,Willian,8.3e-05,boy
1651,1881,Young,8.3e-05,boy
1652,1881,Aloysius,7.4e-05,boy
1653,1881,Ambers,7.4e-05,boy
1654,1881,Archer,7.4e-05,boy
1655,1881,Bailey,7.4e-05,boy
1656,1881,Bartholomew,7.4e-05,boy
1657,1881,Bessie,7.4e-05,boy
1658,1881,Billie,7.4e-05,boy
1659,1881,Bishop,7.4e-05,boy
1660,1881,Carey,7.4e-05,boy
1661,1881,Collins,7.4e-05,boy
1662,1881,Connie,7.4e-05,boy
1663,1881,Drew,7.4e-05,boy
1664,1881,Elbridge,7.4e-05,boy
1665,1881,Eldon,7.4e-05,boy
1666,1881,Elvis,7.4e-05,boy
1667,1881,Ely,7.4e-05,boy
1668,1881,Fritz,7.4e-05,boy
1669,1881,Gaston,7.4e-05,boy
1670,1881,Guadalupe,7.4e-05,boy
1671,1881,Hartwell,7.4e-05,boy
1672,1881,Herschel,7.4e-05,boy
1673,1881,Isadore,7.4e-05,boy
1674,1881,Jesus,7.4e-05,boy
1675,1881,Kelly,7.4e-05,boy
1676,1881,Knox,7.4e-05,boy
1677,1881,Larry,7.4e-05,boy
1678,1881,Lindsay,7.4e-05,boy
1679,1881,Llewellyn,7.4e-05,boy
1680,1881,Lue,7.4e-05,boy
1681,1881,Manning,7.4e-05,boy
1682,1881,Marcellus,7.4e-05,boy
1683,1881,Mervin,7.4e-05,boy
1684,1881,Minnie,7.4e-05,boy
1685,1881,Odie,7.4e-05,boy
1686,1881,Ola,7.4e-05,boy
1687,1881,Palmer,7.4e-05,boy
1688,1881,Reed,7.4e-05,boy
1689,1881,Reese,7.4e-05,boy
1690,1881,Sampson,7.4e-05,boy
1691,1881,Samual,7.4e-05,boy
1692,1881,Sanders,7.4e-05,boy
1693,1881,Squire,7.4e-05,boy
1694,1881,Sterling,7.4e-05,boy
1695,1881,Sumner,7.4e-05,boy
1696,1881,Theo,7.4e-05,boy
1697,1881,Thos,7.4e-05,boy
1698,1881,Todd,7.4e-05,boy
1699,1881,Tommy,7.4e-05,boy
1700,1881,Unknown,7.4e-05,boy
1701,1881,Watt,7.4e-05,boy
1702,1881,Wendell,7.4e-05,boy
1703,1881,Wirt,7.4e-05,boy
1704,1881,Wong,7.4e-05,boy
1705,1881,Woodie,7.4e-05,boy
1706,1881,Addie,6.5e-05,boy
1707,1881,Albion,6.5e-05,boy
1708,1881,Alec,6.5e-05,boy
1709,1881,Alice,6.5e-05,boy
1710,1881,Alphonso,6.5e-05,boy
1711,1881,Alvis,6.5e-05,boy
1712,1881,Ammon,6.5e-05,boy
1713,1881,Auther,6.5e-05,boy
1714,1881,Ballard,6.5e-05,boy
1715,1881,Barton,6.5e-05,boy
1716,1881,Boss,6.5e-05,boy
1717,1881,Burley,6.5e-05,boy
1718,1881,Cas,6.5e-05,boy
1719,1881,Cass,6.5e-05,boy
1720,1881,Chalmer,6.5e-05,boy
1721,1881,Chesley,6.5e-05,boy
1722,1881,Cora,6.5e-05,boy
1723,1881,Coy,6.5e-05,boy
1724,1881,Denton,6.5e-05,boy
1725,1881,Doss,6.5e-05,boy
1726,1881,Edson,6.5e-05,boy
1727,1881,Egbert,6.5e-05,boy
1728,1881,Elder,6.5e-05,boy
1729,1881,Elie,6.5e-05,boy
1730,1881,Elsworth,6.5e-05,boy
1731,1881,Elzie,6.5e-05,boy
1732,1881,Erving,6.5e-05,boy
1733,1881,Evans,6.5e-05,boy
1734,1881,Evert,6.5e-05,boy
1735,1881,Florence,6.5e-05,boy
1736,1881,Fredric,6.5e-05,boy
1737,1881,Furman,6.5e-05,boy
1738,1881,Garland,6.5e-05,boy
1739,1881,Garrett,6.5e-05,boy
1740,1881,Gideon,6.5e-05,boy
1741,1881,Halsey,6.5e-05,boy
1742,1881,Handy,6.5e-05,boy
1743,1881,Helen,6.5e-05,boy
1744,1881,Horatio,6.5e-05,boy
1745,1881,Hyrum,6.5e-05,boy
1746,1881,Isham,6.5e-05,boy
1747,1881,Justin,6.5e-05,boy
1748,1881,Leopold,6.5e-05,boy
1749,1881,Levy,6.5e-05,boy
1750,1881,Lindsey,6.5e-05,boy
1751,1881,Lum,6.5e-05,boy
1752,1881,Mac,6.5e-05,boy
1753,1881,Mahlon,6.5e-05,boy
1754,1881,Mart,6.5e-05,boy
1755,1881,Merrill,6.5e-05,boy
1756,1881,Nellie,6.5e-05,boy
1757,1881,Oda,6.5e-05,boy
1758,1881,Olaf,6.5e-05,boy
1759,1881,Oran,6.5e-05,boy
1760,1881,Orson,6.5e-05,boy
1761,1881,Pearlie,6.5e-05,boy
1762,1881,Percival,6.5e-05,boy
1763,1881,Pierce,6.5e-05,boy
1764,1881,Plummer,6.5e-05,boy
1765,1881,Presley,6.5e-05,boy
1766,1881,Price,6.5e-05,boy
1767,1881,Quincy,6.5e-05,boy
1768,1881,Rex,6.5e-05,boy
1769,1881,Rollo,6.5e-05,boy
1770,1881,Roswell,6.5e-05,boy
1771,1881,Ruffus,6.5e-05,boy
1772,1881,Sheldon,6.5e-05,boy
1773,1881,Shirley,6.5e-05,boy
1774,1881,Ted,6.5e-05,boy
1775,1881,Tilman,6.5e-05,boy
1776,1881,Vance,6.5e-05,boy
1777,1881,Williams,6.5e-05,boy
1778,1881,Worth,6.5e-05,boy
1779,1881,York,6.5e-05,boy
1780,1881,Acie,5.5e-05,boy
1781,1881,Alden,5.5e-05,boy
1782,1881,Alfonso,5.5e-05,boy
1783,1881,Alois,5.5e-05,boy
1784,1881,Alvah,5.5e-05,boy
1785,1881,Alvie,5.5e-05,boy
1786,1881,Andres,5.5e-05,boy
1787,1881,Asher,5.5e-05,boy
1788,1881,Ashley,5.5e-05,boy
1789,1881,Ashton,5.5e-05,boy
1790,1881,Augustine,5.5e-05,boy
1791,1881,Baxter,5.5e-05,boy
1792,1881,Bernhard,5.5e-05,boy
1793,1881,Bertrand,5.5e-05,boy
1794,1881,Billy,5.5e-05,boy
1795,1881,Bird,5.5e-05,boy
1796,1881,Blaine,5.5e-05,boy
1797,1881,Bruno,5.5e-05,boy
1798,1881,Burke,5.5e-05,boy
1799,1881,Cap,5.5e-05,boy
1800,1881,Carrie,5.5e-05,boy
1801,1881,Carson,5.5e-05,boy
1802,1881,Casimiro,5.5e-05,boy
1803,1881,Collie,5.5e-05,boy
1804,1881,Curley,5.5e-05,boy
1805,1881,Dale,5.5e-05,boy
1806,1881,Dixon,5.5e-05,boy
1807,1881,Dominick,5.5e-05,boy
1808,1881,Ennis,5.5e-05,boy
1809,1881,Erasmus,5.5e-05,boy
1810,1881,Ferd,5.5e-05,boy
1811,1881,Garret,5.5e-05,boy
1812,1881,Gary,5.5e-05,boy
1813,1881,Gee,5.5e-05,boy
1814,1881,Gerrit,5.5e-05,boy
1815,1881,Gregory,5.5e-05,boy
1816,1881,Griffin,5.5e-05,boy
1817,1881,Hall,5.5e-05,boy
1818,1881,Heber,5.5e-05,boy
1819,1881,Hector,5.5e-05,boy
1820,1881,Hermann,5.5e-05,boy
1821,1881,Hosteen,5.5e-05,boy
1822,1881,Howell,5.5e-05,boy
1823,1881,Huey,5.5e-05,boy
1824,1881,Humphrey,5.5e-05,boy
1825,1881,Hunter,5.5e-05,boy
1826,1881,Hurley,5.5e-05,boy
1827,1881,Isidore,5.5e-05,boy
1828,1881,Ivey,5.5e-05,boy
1829,1881,Jones,5.5e-05,boy
1830,1881,Lafe,5.5e-05,boy
1831,1881,Lonie,5.5e-05,boy
1832,1881,Lorenza,5.5e-05,boy
1833,1881,Lyle,5.5e-05,boy
1834,1881,Marian,5.5e-05,boy
1835,1881,Maud,5.5e-05,boy
1836,1881,Maude,5.5e-05,boy
1837,1881,Melville,5.5e-05,boy
1838,1881,Murphy,5.5e-05,boy
1839,1881,Neil,5.5e-05,boy
1840,1881,Obe,5.5e-05,boy
1841,1881,Obie,5.5e-05,boy
1842,1881,Orla,5.5e-05,boy
1843,1881,Orlo,5.5e-05,boy
1844,1881,Orrie,5.5e-05,boy
1845,1881,Oswald,5.5e-05,boy
1846,1881,Otha,5.5e-05,boy
1847,1881,Richmond,5.5e-05,boy
1848,1881,Rodney,5.5e-05,boy
1849,1881,Rutherford,5.5e-05,boy
1850,1881,Sebastian,5.5e-05,boy
1851,1881,Stanton,5.5e-05,boy
1852,1881,Starling,5.5e-05,boy
1853,1881,Stonewall,5.5e-05,boy
1854,1881,Sydney,5.5e-05,boy
1855,1881,Thurman,5.5e-05,boy
1856,1881,Tolbert,5.5e-05,boy
1857,1881,Toney,5.5e-05,boy
1858,1881,Troy,5.5e-05,boy
1859,1881,Uriah,5.5e-05,boy
1860,1881,Vernie,5.5e-05,boy
1861,1881,Weaver,5.5e-05,boy
1862,1881,Webb,5.5e-05,boy
1863,1881,Whit,5.5e-05,boy
1864,1881,Yee,5.5e-05,boy
1865,1881,Adrien,4.6e-05,boy
1866,1881,Albin,4.6e-05,boy
1867,1881,Alf,4.6e-05,boy
1868,1881,Alto,4.6e-05,boy
1869,1881,Angelo,4.6e-05,boy
1870,1881,Annie,4.6e-05,boy
1871,1881,Antone,4.6e-05,boy
1872,1881,Arden,4.6e-05,boy
1873,1881,Arlington,4.6e-05,boy
1874,1881,Atticus,4.6e-05,boy
1875,1881,Augustin,4.6e-05,boy
1876,1881,Author,4.6e-05,boy
1877,1881,Authur,4.6e-05,boy
1878,1881,Bedford,4.6e-05,boy
1879,1881,Belton,4.6e-05,boy
1880,1881,Bertha,4.6e-05,boy
1881,1881,Blair,4.6e-05,boy
1882,1881,Burrell,4.6e-05,boy
1883,1881,Buster,4.6e-05,boy
1884,1881,Caesar,4.6e-05,boy
1885,1881,Callie,4.6e-05,boy
1886,1881,Campbell,4.6e-05,boy
1887,1881,Champ,4.6e-05,boy
1888,1881,Clara,4.6e-05,boy
1889,1881,Clarance,4.6e-05,boy
1890,1881,Clarke,4.6e-05,boy
1891,1881,Cliff,4.6e-05,boy
1892,1881,Coley,4.6e-05,boy
1893,1881,Colin,4.6e-05,boy
1894,1881,Conway,4.6e-05,boy
1895,1881,Craig,4.6e-05,boy
1896,1881,Dalton,4.6e-05,boy
1897,1881,Darrell,4.6e-05,boy
1898,1881,Darwin,4.6e-05,boy
1899,1881,Delmar,4.6e-05,boy
1900,1881,Dennie,4.6e-05,boy
1901,1881,Dolphus,4.6e-05,boy
1902,1881,Duke,4.6e-05,boy
1903,1881,Ebb,4.6e-05,boy
1904,1881,Ebbie,4.6e-05,boy
1905,1881,Eber,4.6e-05,boy
1906,1881,Edna,4.6e-05,boy
1907,1881,Ellison,4.6e-05,boy
1908,1881,Elmore,4.6e-05,boy
1909,1881,Elonzo,4.6e-05,boy
1910,1881,Emit,4.6e-05,boy
1911,1881,Emry,4.6e-05,boy
1912,1881,Ephram,4.6e-05,boy
1913,1881,Esequiel,4.6e-05,boy
1914,1881,Essie,4.6e-05,boy
1915,1881,Esta,4.6e-05,boy
1916,1881,Ethel,4.6e-05,boy
1917,1881,Evertt,4.6e-05,boy
1918,1881,Fayette,4.6e-05,boy
1919,1881,Flem,4.6e-05,boy
1920,1881,Fleming,4.6e-05,boy
1921,1881,Gabe,4.6e-05,boy
1922,1881,Garner,4.6e-05,boy
1923,1881,Garnett,4.6e-05,boy
1924,1881,Golden,4.6e-05,boy
1925,1881,Graham,4.6e-05,boy
1926,1881,Gregg,4.6e-05,boy
1927,1881,Gustaf,4.6e-05,boy
1928,1881,Gustavus,4.6e-05,boy
1929,1881,Halbert,4.6e-05,boy
1930,1881,Hardie,4.6e-05,boy
1931,1881,Hardin,4.6e-05,boy
1932,1881,Harvie,4.6e-05,boy
1933,1881,Harvy,4.6e-05,boy
1934,1881,Hayes,4.6e-05,boy
1935,1881,Hilliard,4.6e-05,boy
1936,1881,Hollis,4.6e-05,boy
1937,1881,Hubbard,4.6e-05,boy
1938,1881,Hudson,4.6e-05,boy
1939,1881,Ida,4.6e-05,boy
1940,1881,Jared,4.6e-05,boy
1941,1881,Jere,4.6e-05,boy
1942,1881,Joesph,4.6e-05,boy
1943,1881,Johnathan,4.6e-05,boy
1944,1881,Jonah,4.6e-05,boy
1945,1881,Julious,4.6e-05,boy
1946,1881,Juluis,4.6e-05,boy
1947,1881,Justus,4.6e-05,boy
1948,1881,Kirby,4.6e-05,boy
1949,1881,Kyle,4.6e-05,boy
1950,1881,Lane,4.6e-05,boy
1951,1881,Lawerence,4.6e-05,boy
1952,1881,Layton,4.6e-05,boy
1953,1881,Less,4.6e-05,boy
1954,1881,Lincoln,4.6e-05,boy
1955,1881,Linwood,4.6e-05,boy
1956,1881,Louise,4.6e-05,boy
1957,1881,Lowell,4.6e-05,boy
1958,1881,Loy,4.6e-05,boy
1959,1881,Lucy,4.6e-05,boy
1960,1881,Malachi,4.6e-05,boy
1961,1881,Manly,4.6e-05,boy
1962,1881,Mannie,4.6e-05,boy
1963,1881,Marcel,4.6e-05,boy
1964,1881,Marius,4.6e-05,boy
1965,1881,Marrion,4.6e-05,boy
1966,1881,Math,4.6e-05,boy
1967,1881,Mercer,4.6e-05,boy
1968,1881,Monte,4.6e-05,boy
1969,1881,Montgomery,4.6e-05,boy
1970,1881,Nolan,4.6e-05,boy
1971,1881,Okey,4.6e-05,boy
1972,1881,Orley,4.6e-05,boy
1973,1881,Page,4.6e-05,boy
1974,1881,Philo,4.6e-05,boy
1975,1881,Primus,4.6e-05,boy
1976,1881,Prosper,4.6e-05,boy
1977,1881,Pryor,4.6e-05,boy
1978,1881,Rene,4.6e-05,boy
1979,1881,Robin,4.6e-05,boy
1980,1881,Roll,4.6e-05,boy
1981,1881,Rolland,4.6e-05,boy
1982,1881,Seward,4.6e-05,boy
1983,1881,Shannon,4.6e-05,boy
1984,1881,Talmage,4.6e-05,boy
1985,1881,Urban,4.6e-05,boy
1986,1881,Vaughn,4.6e-05,boy
1987,1881,Verner,4.6e-05,boy
1988,1881,Waverly,4.6e-05,boy
1989,1881,Webster,4.6e-05,boy
1990,1881,Weldon,4.6e-05,boy
1991,1881,Wells,4.6e-05,boy
1992,1881,Wiliam,4.6e-05,boy
1993,1881,Wilton,4.6e-05,boy
1994,1881,Wing,4.6e-05,boy
1995,1881,Wood,4.6e-05,boy
1996,1881,Wright,4.6e-05,boy
1997,1881,Ab,3.7e-05,boy
1998,1881,Add,3.7e-05,boy
1999,1881,Adelard,3.7e-05,boy
2000,1882,John,0.078314,boy
2001,1882,William,0.076191,boy
2002,1882,James,0.048281,boy
2003,1882,George,0.042553,boy
2004,1882,Charles,0.041726,boy
2005,1882,Frank,0.026025,boy
2006,1882,Joseph,0.021879,boy
2007,1882,Thomas,0.021387,boy
2008,1882,Henry,0.021133,boy
2009,1882,Robert,0.020486,boy
2010,1882,Edward,0.020297,boy
2011,1882,Harry,0.01829,boy
2012,1882,Walter,0.014791,boy
2013,1882,Arthur,0.013816,boy
2014,1882,Fred,0.013447,boy
2015,1882,Albert,0.012283,boy
2016,1882,Samuel,0.008219,boy
2017,1882,Louis,0.006982,boy
2018,1882,David,0.006867,boy
2019,1882,Clarence,0.006859,boy
2020,1882,Charlie,0.00617,boy
2021,1882,Richard,0.006113,boy
2022,1882,Joe,0.006056,boy
2023,1882,Andrew,0.005515,boy
2024,1882,Will,0.005457,boy
2025,1882,Jesse,0.005408,boy
2026,1882,Ernest,0.005261,boy
2027,1882,Oscar,0.005121,boy
2028,1882,Daniel,0.004867,boy
2029,1882,Sam,0.004548,boy
2030,1882,Willie,0.004433,boy
2031,1882,Alfred,0.004286,boy
2032,1882,Roy,0.004269,boy
2033,1882,Benjamin,0.003925,boy
2034,1882,Carl,0.003917,boy
2035,1882,Peter,0.003778,boy
2036,1882,Frederick,0.003745,boy
2037,1882,Elmer,0.003614,boy
2038,1882,Lewis,0.003614,boy
2039,1882,Herbert,0.003532,boy
2040,1882,Lee,0.003499,boy
2041,1882,Howard,0.003458,boy
2042,1882,Ralph,0.003335,boy
2043,1882,Paul,0.003253,boy
2044,1882,Jim,0.003245,boy
2045,1882,Jacob,0.003196,boy
2046,1882,Tom,0.003196,boy
2047,1882,Martin,0.003171,boy
2048,1882,Earl,0.003089,boy
2049,1882,Claude,0.002917,boy
2050,1882,Herman,0.002852,boy
2051,1882,Bert,0.002794,boy
2052,1882,Eugene,0.002794,boy
2053,1882,Ed,0.002762,boy
2054,1882,Ben,0.002737,boy
2055,1882,Francis,0.00268,boy
2056,1882,Michael,0.00263,boy
2057,1882,Edgar,0.002524,boy
2058,1882,Edwin,0.002499,boy
2059,1882,Chester,0.002458,boy
2060,1882,Harvey,0.002458,boy
2061,1882,Clyde,0.002401,boy
2062,1882,Lawrence,0.002352,boy
2063,1882,Luther,0.002327,boy
2064,1882,Isaac,0.002278,boy
2065,1882,Jack,0.002221,boy
2066,1882,Charley,0.002147,boy
2067,1882,Guy,0.002073,boy
2068,1882,Otto,0.002065,boy
2069,1882,Patrick,0.00204,boy
2070,1882,Ira,0.001999,boy
2071,1882,Oliver,0.001999,boy
2072,1882,Hugh,0.001958,boy
2073,1882,August,0.001917,boy
2074,1882,Theodore,0.001901,boy
2075,1882,Floyd,0.001893,boy
2076,1882,Leonard,0.001893,boy
2077,1882,Raymond,0.001885,boy
2078,1882,Alexander,0.001844,boy
2079,1882,Allen,0.001688,boy
2080,1882,Stephen,0.001647,boy
2081,1882,Archie,0.001598,boy
2082,1882,Ray,0.001598,boy
2083,1882,Jessie,0.001573,boy
2084,1882,Homer,0.001557,boy
2085,1882,Warren,0.0015,boy
2086,1882,Philip,0.001491,boy
2087,1882,Horace,0.001442,boy
2088,1882,Alex,0.001409,boy
2089,1882,Eddie,0.001385,boy
2090,1882,Julius,0.001377,boy
2091,1882,Emil,0.001287,boy
2092,1882,Marion,0.001287,boy
2093,1882,Clifford,0.00127,boy
2094,1882,Milton,0.00127,boy
2095,1882,Leroy,0.001246,boy
2096,1882,Dan,0.001229,boy
2097,1882,Rufus,0.001205,boy
2098,1882,Leo,0.001196,boy
2099,1882,Sidney,0.001196,boy
2100,1882,Mack,0.001188,boy
2101,1882,Wesley,0.001188,boy
2102,1882,Bernard,0.00118,boy
2103,1882,Willis,0.001172,boy
2104,1882,Anthony,0.001139,boy
2105,1882,Dave,0.001139,boy
2106,1882,Everett,0.001131,boy
2107,1882,Dennis,0.001106,boy
2108,1882,Amos,0.001098,boy
2109,1882,Lester,0.001098,boy
2110,1882,Alonzo,0.00109,boy
2111,1882,Perry,0.00109,boy
2112,1882,Alvin,0.001082,boy
2113,1882,Leon,0.001073,boy
2114,1882,Harold,0.001041,boy
2115,1882,Percy,0.001032,boy
2116,1882,Calvin,0.001008,boy
2117,1882,Jess,0.001,boy
2118,1882,Leslie,0.001,boy
2119,1882,Lloyd,0.000992,boy
2120,1882,Gus,0.000983,boy
2121,1882,Otis,0.000951,boy
2122,1882,Adam,0.000934,boy
2123,1882,Nathan,0.000926,boy
2124,1882,Franklin,0.000918,boy
2125,1882,Elijah,0.00091,boy
2126,1882,Matthew,0.000893,boy
2127,1882,Victor,0.000893,boy
2128,1882,Noah,0.000885,boy
2129,1882,Cornelius,0.000877,boy
2130,1882,Norman,0.000877,boy
2131,1882,Jerry,0.00086,boy
2132,1882,Levi,0.00086,boy
2133,1882,Earnest,0.000852,boy
2134,1882,Hiram,0.000852,boy
2135,1882,Nelson,0.000852,boy
2136,1882,Phillip,0.000844,boy
2137,1882,Wallace,0.000844,boy
2138,1882,Maurice,0.000836,boy
2139,1882,Elbert,0.000811,boy
2140,1882,Emmett,0.000811,boy
2141,1882,Jake,0.000795,boy
2142,1882,Ross,0.000787,boy
2143,1882,Jose,0.000778,boy
2144,1882,Adolph,0.00077,boy
2145,1882,Eli,0.00077,boy
2146,1882,Moses,0.000762,boy
2147,1882,Manuel,0.000754,boy
2148,1882,Silas,0.000754,boy
2149,1882,Wiley,0.000754,boy
2150,1882,Abraham,0.000746,boy
2151,1882,Felix,0.000746,boy
2152,1882,Christopher,0.000737,boy
2153,1882,Claud,0.000737,boy
2154,1882,Mark,0.000737,boy
2155,1882,Mike,0.000729,boy
2156,1882,Gilbert,0.000721,boy
2157,1882,Jasper,0.000721,boy
2158,1882,Ellis,0.000705,boy
2159,1882,Melvin,0.000705,boy
2160,1882,Aaron,0.000697,boy
2161,1882,Alva,0.000697,boy
2162,1882,Marshall,0.00068,boy
2163,1882,Willard,0.00068,boy
2164,1882,Wilson,0.000672,boy
2165,1882,Jeff,0.000664,boy
2166,1882,Morris,0.000664,boy
2167,1882,Roscoe,0.000664,boy
2168,1882,Wilbur,0.000664,boy
2169,1882,Jay,0.000656,boy
2170,1882,Virgil,0.000656,boy
2171,1882,Clinton,0.000647,boy
2172,1882,Lonnie,0.000639,boy
2173,1882,Ollie,0.000639,boy
2174,1882,Simon,0.000639,boy
2175,1882,Mose,0.000631,boy
2176,1882,Fredrick,0.000623,boy
2177,1882,Harrison,0.000623,boy
2178,1882,Monroe,0.000623,boy
2179,1882,Stanley,0.000623,boy
2180,1882,Harley,0.000615,boy
2181,1882,Max,0.000606,boy
2182,1882,Sylvester,0.000606,boy
2183,1882,Reuben,0.000598,boy
2184,1882,Russell,0.000598,boy
2185,1882,Edmund,0.000582,boy
2186,1882,Timothy,0.000582,boy
2187,1882,Curtis,0.000574,boy
2188,1882,Millard,0.000574,boy
2189,1882,Garfield,0.000565,boy
2190,1882,Ike,0.000549,boy
2191,1882,Ora,0.000549,boy
2192,1882,Bruce,0.000541,boy
2193,1882,Byron,0.000541,boy
2194,1882,Irvin,0.000541,boy
2195,1882,Nicholas,0.000541,boy
2196,1882,Augustus,0.000533,boy
2197,1882,Austin,0.000533,boy
2198,1882,Owen,0.000533,boy
2199,1882,Anton,0.000524,boy
2200,1882,Marvin,0.000524,boy
2201,1882,Wade,0.000524,boy
2202,1882,Edd,0.000516,boy
2203,1882,Steve,0.000516,boy
2204,1882,Asa,0.000508,boy
2205,1882,Columbus,0.000508,boy
2206,1882,Bill,5e-04,boy
2207,1882,Irving,5e-04,boy
2208,1882,Newton,5e-04,boy
2209,1882,Clayton,0.000492,boy
2210,1882,Pete,0.000492,boy
2211,1882,Bob,0.000483,boy
2212,1882,Dock,0.000483,boy
2213,1882,Johnnie,0.000483,boy
2214,1882,Anderson,0.000475,boy
2215,1882,Pearl,0.000475,boy
2216,1882,Elias,0.000467,boy
2217,1882,Gustave,0.000467,boy
2218,1882,Nathaniel,0.000467,boy
2219,1882,Grover,0.000459,boy
2220,1882,Arch,0.000451,boy
2221,1882,Clark,0.000442,boy
2222,1882,Joel,0.000442,boy
2223,1882,Riley,0.000442,boy
2224,1882,Cecil,0.000434,boy
2225,1882,Emery,0.000434,boy
2226,1882,Vernon,0.000434,boy
2227,1882,Barney,0.000426,boy
2228,1882,Lon,0.000426,boy
2229,1882,Rudolph,0.000426,boy
2230,1882,Andy,0.000418,boy
2231,1882,Clifton,0.000418,boy
2232,1882,Glenn,0.000418,boy
2233,1882,Solomon,0.000418,boy
2234,1882,Abe,0.00041,boy
2235,1882,Joshua,0.00041,boy
2236,1882,Sherman,0.00041,boy
2237,1882,Christian,0.000402,boy
2238,1882,Hubert,0.000402,boy
2239,1882,Jackson,0.000402,boy
2240,1882,Preston,0.000402,boy
2241,1882,Donald,0.000393,boy
2242,1882,Ferdinand,0.000393,boy
2243,1882,Scott,0.000393,boy
2244,1882,Conrad,0.000385,boy
2245,1882,Enoch,0.000385,boy
2246,1882,Mathew,0.000385,boy
2247,1882,Chas,0.000377,boy
2248,1882,Cyrus,0.000377,boy
2249,1882,Delbert,0.000377,boy
2250,1882,Don,0.000377,boy
2251,1882,Louie,0.000377,boy
2252,1882,Marcus,0.000377,boy
2253,1882,Orville,0.000377,boy
2254,1882,Tony,0.000377,boy
2255,1882,Van,0.000377,boy
2256,1882,Emanuel,0.000369,boy
2257,1882,Ervin,0.000361,boy
2258,1882,Luke,0.000361,boy
2259,1882,Major,0.000361,boy
2260,1882,Miles,0.000361,boy
2261,1882,Gustav,0.000352,boy
2262,1882,Jerome,0.000352,boy
2263,1882,Lemuel,0.000352,boy
2264,1882,Arnold,0.000344,boy
2265,1882,Lucius,0.000344,boy
2266,1882,Ezra,0.000336,boy
2267,1882,Grant,0.000336,boy
2268,1882,Julian,0.000336,boy
2269,1882,Lorenzo,0.000336,boy
2270,1882,Lyman,0.000336,boy
2271,1882,Karl,0.000328,boy
2272,1882,Chris,0.00032,boy
2273,1882,Edmond,0.00032,boy
2274,1882,Juan,0.00032,boy
2275,1882,Winfield,0.00032,boy
2276,1882,Ambrose,0.000311,boy
2277,1882,Burton,0.000311,boy
2278,1882,Emory,0.000311,boy
2279,1882,Forrest,0.000311,boy
2280,1882,Roland,0.000311,boy
2281,1882,Vincent,0.000311,boy
2282,1882,Emile,0.000303,boy
2283,1882,Gordon,0.000303,boy
2284,1882,Isaiah,0.000303,boy
2285,1882,Mitchell,0.000295,boy
2286,1882,Ole,0.000295,boy
2287,1882,Benjiman,0.000287,boy
2288,1882,Cleveland,0.000287,boy
2289,1882,Elisha,0.000287,boy
2290,1882,Loren,0.000287,boy
2291,1882,Neal,0.000287,boy
2292,1882,Nick,0.000287,boy
2293,1882,Clem,0.000279,boy
2294,1882,Foster,0.000279,boy
2295,1882,Jefferson,0.000279,boy
2296,1882,Ruben,0.000279,boy
2297,1882,Al,0.00027,boy
2298,1882,Bennie,0.00027,boy
2299,1882,Bud,0.00027,boy
2300,1882,General,0.00027,boy
2301,1882,Jeremiah,0.00027,boy
2302,1882,Ned,0.00027,boy
2303,1882,Sanford,0.00027,boy
2304,1882,Sim,0.00027,boy
2305,1882,Spencer,0.00027,boy
2306,1882,Abner,0.000262,boy
2307,1882,Carroll,0.000262,boy
2308,1882,Douglas,0.000262,boy
2309,1882,Roger,0.000262,boy
2310,1882,Burt,0.000254,boy
2311,1882,Seth,0.000254,boy
2312,1882,Archibald,0.000246,boy
2313,1882,Elwood,0.000246,boy
2314,1882,Mary,0.000246,boy
2315,1882,Omer,0.000246,boy
2316,1882,Ward,0.000246,boy
2317,1882,Antonio,0.000238,boy
2318,1882,Boyd,0.000238,boy
2319,1882,Freeman,0.000238,boy
2320,1882,Napoleon,0.000238,boy
2321,1882,Wilber,0.000238,boy
2322,1882,Zack,0.000238,boy
2323,1882,Dudley,0.000229,boy
2324,1882,Isiah,0.000229,boy
2325,1882,Leander,0.000229,boy
2326,1882,Pat,0.000229,boy
2327,1882,Pink,0.000229,boy
2328,1882,Porter,0.000229,boy
2329,1882,Vern,0.000229,boy
2330,1882,Walker,0.000229,boy
2331,1882,Allie,0.000221,boy
2332,1882,Berry,0.000221,boy
2333,1882,Dallas,0.000221,boy
2334,1882,Forest,0.000221,boy
2335,1882,Glen,0.000221,boy
2336,1882,Green,0.000221,boy
2337,1882,Hans,0.000221,boy
2338,1882,Henderson,0.000221,boy
2339,1882,Jonathan,0.000221,boy
2340,1882,Lynn,0.000221,boy
2341,1882,Madison,0.000221,boy
2342,1882,Milo,0.000221,boy
2343,1882,Pedro,0.000221,boy
2344,1882,Royal,0.000221,boy
2345,1882,Taylor,0.000221,boy
2346,1882,Hal,0.000213,boy
2347,1882,Hardy,0.000213,boy
2348,1882,Jonas,0.000213,boy
2349,1882,King,0.000213,boy
2350,1882,Matt,0.000213,boy
2351,1882,Myron,0.000213,boy
2352,1882,Nels,0.000213,boy
2353,1882,Wash,0.000213,boy
2354,1882,Abram,0.000205,boy
2355,1882,Caleb,0.000205,boy
2356,1882,Casper,0.000205,boy
2357,1882,Frederic,0.000205,boy
2358,1882,Granville,0.000205,boy
2359,1882,Gust,0.000205,boy
2360,1882,Ivan,0.000205,boy
2361,1882,Lem,0.000205,boy
2362,1882,Otho,0.000205,boy
2363,1882,Wilford,0.000205,boy
2364,1882,Angus,0.000197,boy
2365,1882,Isom,0.000197,boy
2366,1882,Josiah,0.000197,boy
2367,1882,Laurence,0.000197,boy
2368,1882,Morgan,0.000197,boy
2369,1882,Christ,0.000188,boy
2370,1882,Clement,0.000188,boy
2371,1882,Dee,0.000188,boy
2372,1882,Judson,0.000188,boy
2373,1882,Junius,0.000188,boy
2374,1882,Morton,0.000188,boy
2375,1882,Washington,0.000188,boy
2376,1882,Earle,0.00018,boy
2377,1882,Ellsworth,0.00018,boy
2378,1882,Emmet,0.00018,boy
2379,1882,Harve,0.00018,boy
2380,1882,Israel,0.00018,boy
2381,1882,Johnie,0.00018,boy
2382,1882,Kenneth,0.00018,boy
2383,1882,Lige,0.00018,boy
2384,1882,Orrin,0.00018,boy
2385,1882,Steven,0.00018,boy
2386,1882,Wayne,0.00018,boy
2387,1882,Wilfred,0.00018,boy
2388,1882,Addison,0.000172,boy
2389,1882,Bertram,0.000172,boy
2390,1882,Carlton,0.000172,boy
2391,1882,Elliott,0.000172,boy
2392,1882,Fletcher,0.000172,boy
2393,1882,Fritz,0.000172,boy
2394,1882,Lawson,0.000172,boy
2395,1882,Lucian,0.000172,boy
2396,1882,Watson,0.000172,boy
2397,1882,Wilburn,0.000172,boy
2398,1882,Billie,0.000164,boy
2399,1882,Carlos,0.000164,boy
2400,1882,Clarance,0.000164,boy
2401,1882,Elton,0.000164,boy
2402,1882,Gabriel,0.000164,boy
2403,1882,Harmon,0.000164,boy
2404,1882,Irwin,0.000164,boy
2405,1882,Jason,0.000164,boy
2406,1882,Jimmie,0.000164,boy
2407,1882,Judge,0.000164,boy
2408,1882,Lafayette,0.000164,boy
2409,1882,Malcolm,0.000164,boy
2410,1882,Merton,0.000164,boy
2411,1882,Ramon,0.000164,boy
2412,1882,Sol,0.000164,boy
2413,1882,Wilbert,0.000164,boy
2414,1882,Wilmer,0.000164,boy
2415,1882,Elmo,0.000156,boy
2416,1882,Francisco,0.000156,boy
2417,1882,Geo,0.000156,boy
2418,1882,Hugo,0.000156,boy
2419,1882,Murray,0.000156,boy
2420,1882,Neil,0.000156,boy
2421,1882,Sandy,0.000156,boy
2422,1882,Simeon,0.000156,boy
2423,1882,Stewart,0.000156,boy
2424,1882,Valentine,0.000156,boy
2425,1882,Adrian,0.000147,boy
2426,1882,Alton,0.000147,boy
2427,1882,Artie,0.000147,boy
2428,1882,Burl,0.000147,boy
2429,1882,Carey,0.000147,boy
2430,1882,Coleman,0.000147,boy
2431,1882,Guss,0.000147,boy
2432,1882,Noble,0.000147,boy
2433,1882,Oren,0.000147,boy
2434,1882,Prince,0.000147,boy
2435,1882,Wm,0.000147,boy
2436,1882,Chauncey,0.000139,boy
2437,1882,Clay,0.000139,boy
2438,1882,Dewitt,0.000139,boy
2439,1882,Dwight,0.000139,boy
2440,1882,Garland,0.000139,boy
2441,1882,Haywood,0.000139,boy
2442,1882,Houston,0.000139,boy
2443,1882,Logan,0.000139,boy
2444,1882,Lucious,0.000139,boy
2445,1882,Rolla,0.000139,boy
2446,1882,Thornton,0.000139,boy
2447,1882,Tobe,0.000139,boy
2448,1882,Tomas,0.000139,boy
2449,1882,Truman,0.000139,boy
2450,1882,Turner,0.000139,boy
2451,1882,Webster,0.000139,boy
2452,1882,Alford,0.000131,boy
2453,1882,Alphonse,0.000131,boy
2454,1882,Arther,0.000131,boy
2455,1882,Aubrey,0.000131,boy
2456,1882,Cal,0.000131,boy
2457,1882,Enos,0.000131,boy
2458,1882,Harris,0.000131,boy
2459,1882,Johnny,0.000131,boy
2460,1882,Lew,0.000131,boy
2461,1882,Loyd,0.000131,boy
2462,1882,Miller,0.000131,boy
2463,1882,Ransom,0.000131,boy
2464,1882,Smith,0.000131,boy
2465,1882,Sterling,0.000131,boy
2466,1882,Troy,0.000131,boy
2467,1882,Waldo,0.000131,boy
2468,1882,Allan,0.000123,boy
2469,1882,Barton,0.000123,boy
2470,1882,Clair,0.000123,boy
2471,1882,Clint,0.000123,boy
2472,1882,Crawford,0.000123,boy
2473,1882,Elvin,0.000123,boy
2474,1882,Emerson,0.000123,boy
2475,1882,Fay,0.000123,boy
2476,1882,Garrett,0.000123,boy
2477,1882,Gerald,0.000123,boy
2478,1882,Hamilton,0.000123,boy
2479,1882,Lucien,0.000123,boy
2480,1882,Mortimer,0.000123,boy
2481,1882,Orin,0.000123,boy
2482,1882,Palmer,0.000123,boy
2483,1882,Raleigh,0.000123,boy
2484,1882,Randolph,0.000123,boy
2485,1882,Saul,0.000123,boy
2486,1882,Ulysses,0.000123,boy
2487,1882,Warner,0.000123,boy
2488,1882,Adelbert,0.000115,boy
2489,1882,Adolphus,0.000115,boy
2490,1882,Alpha,0.000115,boy
2491,1882,Art,0.000115,boy
2492,1882,Avery,0.000115,boy
2493,1882,Bennett,0.000115,boy
2494,1882,Carson,0.000115,boy
2495,1882,Colonel,0.000115,boy
2496,1882,Dana,0.000115,boy
2497,1882,Dick,0.000115,boy
2498,1882,Elza,0.000115,boy
2499,1882,Erastus,0.000115,boy
2500,1882,Finley,0.000115,boy
2501,1882,Gene,0.000115,boy
2502,1882,Jesus,0.000115,boy
2503,1882,Josh,0.000115,boy
2504,1882,Larkin,0.000115,boy
2505,1882,Mathias,0.000115,boy
2506,1882,Micheal,0.000115,boy
2507,1882,Newt,0.000115,boy
2508,1882,Parker,0.000115,boy
2509,1882,Pierce,0.000115,boy
2510,1882,Randall,0.000115,boy
2511,1882,Rollie,0.000115,boy
2512,1882,Ted,0.000115,boy
2513,1882,Alvah,0.000107,boy
2514,1882,Blaine,0.000107,boy
2515,1882,Bryant,0.000107,boy
2516,1882,Cary,0.000107,boy
2517,1882,Cicero,0.000107,boy
2518,1882,Cleve,0.000107,boy
2519,1882,Cliff,0.000107,boy
2520,1882,Dell,0.000107,boy
2521,1882,Dorsey,0.000107,boy
2522,1882,Elmore,0.000107,boy
2523,1882,Henery,0.000107,boy
2524,1882,Jules,0.000107,boy
2525,1882,Kelly,0.000107,boy
2526,1882,Leland,0.000107,boy
2527,1882,Lincoln,0.000107,boy
2528,1882,Luis,0.000107,boy
2529,1882,Merle,0.000107,boy
2530,1882,Okey,0.000107,boy
2531,1882,Olaf,0.000107,boy
2532,1882,Orlando,0.000107,boy
2533,1882,Phil,0.000107,boy
2534,1882,Pleas,0.000107,boy
2535,1882,Pleasant,0.000107,boy
2536,1882,Rex,0.000107,boy
2537,1882,Shelby,0.000107,boy
2538,1882,Thad,0.000107,boy
2539,1882,Axel,9.8e-05,boy
2540,1882,Basil,9.8e-05,boy
2541,1882,Benjaman,9.8e-05,boy
2542,1882,Bertie,9.8e-05,boy
2543,1882,Buck,9.8e-05,boy
2544,1882,Butler,9.8e-05,boy
2545,1882,Cassius,9.8e-05,boy
2546,1882,Denis,9.8e-05,boy
2547,1882,Doc,9.8e-05,boy
2548,1882,Dora,9.8e-05,boy
2549,1882,Duncan,9.8e-05,boy
2550,1882,Ely,9.8e-05,boy
2551,1882,Ernie,9.8e-05,boy
2552,1882,Erwin,9.8e-05,boy
2553,1882,Evan,9.8e-05,boy
2554,1882,Evans,9.8e-05,boy
2555,1882,Frances,9.8e-05,boy
2556,1882,Garnett,9.8e-05,boy
2557,1882,Giles,9.8e-05,boy
2558,1882,Hamp,9.8e-05,boy
2559,1882,Jean,9.8e-05,boy
2560,1882,Jordan,9.8e-05,boy
2561,1882,June,9.8e-05,boy
2562,1882,Lenard,9.8e-05,boy
2563,1882,Lum,9.8e-05,boy
2564,1882,Lyle,9.8e-05,boy
2565,1882,Mahlon,9.8e-05,boy
2566,1882,Mason,9.8e-05,boy
2567,1882,Mat,9.8e-05,boy
2568,1882,Pierre,9.8e-05,boy
2569,1882,Price,9.8e-05,boy
2570,1882,Rodney,9.8e-05,boy
2571,1882,Rubin,9.8e-05,boy
2572,1882,Theo,9.8e-05,boy
2573,1882,Watt,9.8e-05,boy
2574,1882,Wyatt,9.8e-05,boy
2575,1882,Albin,9e-05,boy
2576,1882,Aloysius,9e-05,boy
2577,1882,Benton,9e-05,boy
2578,1882,Bernie,9e-05,boy
2579,1882,Bishop,9e-05,boy
2580,1882,Cornelious,9e-05,boy
2581,1882,Coy,9e-05,boy
2582,1882,Dexter,9e-05,boy
2583,1882,Drew,9e-05,boy
2584,1882,Emmitt,9e-05,boy
2585,1882,Ezekiel,9e-05,boy
2586,1882,Finis,9e-05,boy
2587,1882,Furman,9e-05,boy
2588,1882,Howell,9e-05,boy
2589,1882,Issac,9e-05,boy
2590,1882,Johnson,9e-05,boy
2591,1882,Jones,9e-05,boy
2592,1882,Lacy,9e-05,boy
2593,1882,Llewellyn,9e-05,boy
2594,1882,Manley,9e-05,boy
2595,1882,Odie,9e-05,boy
2596,1882,Olin,9e-05,boy
2597,1882,Omar,9e-05,boy
2598,1882,Oswald,9e-05,boy
2599,1882,Paris,9e-05,boy
2600,1882,Pinkney,9e-05,boy
2601,1882,Quincy,9e-05,boy
2602,1882,Richmond,9e-05,boy
2603,1882,Rupert,9e-05,boy
2604,1882,Shirley,9e-05,boy
2605,1882,Sid,9e-05,boy
2606,1882,Tim,9e-05,boy
2607,1882,Volney,9e-05,boy
2608,1882,Webb,9e-05,boy
2609,1882,West,9e-05,boy
2610,1882,Abel,8.2e-05,boy
2611,1882,Alma,8.2e-05,boy
2612,1882,Alonza,8.2e-05,boy
2613,1882,Berton,8.2e-05,boy
2614,1882,Dillard,8.2e-05,boy
2615,1882,Early,8.2e-05,boy
2616,1882,Ephraim,8.2e-05,boy
2617,1882,Ephriam,8.2e-05,boy
2618,1882,Evert,8.2e-05,boy
2619,1882,Gary,8.2e-05,boy
2620,1882,Gaston,8.2e-05,boy
2621,1882,Hosea,8.2e-05,boy
2622,1882,Hunter,8.2e-05,boy
2623,1882,Kirk,8.2e-05,boy
2624,1882,Linus,8.2e-05,boy
2625,1882,Lonzo,8.2e-05,boy
2626,1882,Lou,8.2e-05,boy
2627,1882,Lowell,8.2e-05,boy
2628,1882,Martha,8.2e-05,boy
2629,1882,Merrill,8.2e-05,boy
2630,1882,Miguel,8.2e-05,boy
2631,1882,Minnie,8.2e-05,boy
2632,1882,Mitchel,8.2e-05,boy
2633,1882,Noel,8.2e-05,boy
2634,1882,Norris,8.2e-05,boy
2635,1882,Otha,8.2e-05,boy
2636,1882,Perley,8.2e-05,boy
2637,1882,Reinhold,8.2e-05,boy
2638,1882,Rush,8.2e-05,boy
2639,1882,Samual,8.2e-05,boy
2640,1882,Sanders,8.2e-05,boy
2641,1882,Sebastian,8.2e-05,boy
2642,1882,Seymour,8.2e-05,boy
2643,1882,Shelton,8.2e-05,boy
2644,1882,Squire,8.2e-05,boy
2645,1882,Stuart,8.2e-05,boy
2646,1882,Sydney,8.2e-05,boy
2647,1882,Theron,8.2e-05,boy
2648,1882,Travis,8.2e-05,boy
2649,1882,Wilton,8.2e-05,boy
2650,1882,Zeb,8.2e-05,boy
2651,1882,Allison,7.4e-05,boy
2652,1882,Anson,7.4e-05,boy
2653,1882,Asbury,7.4e-05,boy
2654,1882,Benjamine,7.4e-05,boy
2655,1882,Bessie,7.4e-05,boy
2656,1882,Beverly,7.4e-05,boy
2657,1882,Brooks,7.4e-05,boy
2658,1882,Burley,7.4e-05,boy
2659,1882,Burr,7.4e-05,boy
2660,1882,Buster,7.4e-05,boy
2661,1882,Davis,7.4e-05,boy
2662,1882,Dean,7.4e-05,boy
2663,1882,Eber,7.4e-05,boy
2664,1882,Edna,7.4e-05,boy
2665,1882,Eldridge,7.4e-05,boy
2666,1882,Elzie,7.4e-05,boy
2667,1882,Eric,7.4e-05,boy
2668,1882,Fayette,7.4e-05,boy
2669,1882,Hampton,7.4e-05,boy
2670,1882,Herschel,7.4e-05,boy
2671,1882,Ivy,7.4e-05,boy
2672,1882,Jule,7.4e-05,boy
2673,1882,Junior,7.4e-05,boy
2674,1882,Junious,7.4e-05,boy
2675,1882,Justus,7.4e-05,boy
2676,1882,Lambert,7.4e-05,boy
2677,1882,Len,7.4e-05,boy
2678,1882,Levy,7.4e-05,boy
2679,1882,Lindsay,7.4e-05,boy
2680,1882,Lonie,7.4e-05,boy
2681,1882,Minor,7.4e-05,boy
2682,1882,Octave,7.4e-05,boy
2683,1882,Orson,7.4e-05,boy
2684,1882,Reed,7.4e-05,boy
2685,1882,Tillman,7.4e-05,boy
2686,1882,Tracy,7.4e-05,boy
2687,1882,Winfred,7.4e-05,boy
2688,1882,Wong,7.4e-05,boy
2689,1882,Young,7.4e-05,boy
2690,1882,Ace,6.6e-05,boy
2691,1882,Alden,6.6e-05,boy
2692,1882,Alec,6.6e-05,boy
2693,1882,Alois,6.6e-05,boy
2694,1882,Alpheus,6.6e-05,boy
2695,1882,Alphonso,6.6e-05,boy
2696,1882,Andres,6.6e-05,boy
2697,1882,Angelo,6.6e-05,boy
2698,1882,Annie,6.6e-05,boy
2699,1882,Archer,6.6e-05,boy
2700,1882,Armstead,6.6e-05,boy
2701,1882,Aron,6.6e-05,boy
2702,1882,Augustine,6.6e-05,boy
2703,1882,Author,6.6e-05,boy
2704,1882,Bailey,6.6e-05,boy
2705,1882,Bedford,6.6e-05,boy
2706,1882,Benedict,6.6e-05,boy
2707,1882,Bertha,6.6e-05,boy
2708,1882,Brice,6.6e-05,boy
2709,1882,Brown,6.6e-05,boy
2710,1882,Burrell,6.6e-05,boy
2711,1882,Byrd,6.6e-05,boy
2712,1882,Carleton,6.6e-05,boy
2713,1882,Chin,6.6e-05,boy
2714,1882,Clare,6.6e-05,boy
2715,1882,Doctor,6.6e-05,boy
2716,1882,Dolphus,6.6e-05,boy
2717,1882,Eben,6.6e-05,boy
2718,1882,Elie,6.6e-05,boy
2719,1882,Elige,6.6e-05,boy
2720,1882,Ennis,6.6e-05,boy
2721,1882,Florence,6.6e-05,boy
2722,1882,Gabe,6.6e-05,boy
2723,1882,Gibson,6.6e-05,boy
2724,1882,Gustavus,6.6e-05,boy
2725,1882,Harlan,6.6e-05,boy
2726,1882,Hollis,6.6e-05,boy
2727,1882,Humphrey,6.6e-05,boy
2728,1882,Hurley,6.6e-05,boy
2729,1882,Larry,6.6e-05,boy
2730,1882,Lindsey,6.6e-05,boy
2731,1882,Lue,6.6e-05,boy
2732,1882,Malachi,6.6e-05,boy
2733,1882,May,6.6e-05,boy
2734,1882,Maynard,6.6e-05,boy
2735,1882,Melville,6.6e-05,boy
2736,1882,Milford,6.6e-05,boy
2737,1882,Mills,6.6e-05,boy
2738,1882,Orange,6.6e-05,boy
2739,1882,Orie,6.6e-05,boy
2740,1882,Pablo,6.6e-05,boy
2741,1882,Reese,6.6e-05,boy
2742,1882,Roswell,6.6e-05,boy
2743,1882,Sampson,6.6e-05,boy
2744,1882,Thaddeus,6.6e-05,boy
2745,1882,Thurman,6.6e-05,boy
2746,1882,Tommie,6.6e-05,boy
2747,1882,Toney,6.6e-05,boy
2748,1882,Walton,6.6e-05,boy
2749,1882,Wellington,6.6e-05,boy
2750,1882,Willam,6.6e-05,boy
2751,1882,Willian,6.6e-05,boy
2752,1882,Wylie,6.6e-05,boy
2753,1882,Adolfo,5.7e-05,boy
2754,1882,Alanzo,5.7e-05,boy
2755,1882,Albion,5.7e-05,boy
2756,1882,Alcide,5.7e-05,boy
2757,1882,Alvie,5.7e-05,boy
2758,1882,Alvis,5.7e-05,boy
2759,1882,Antoine,5.7e-05,boy
2760,1882,Ashley,5.7e-05,boy
2761,1882,Ballard,5.7e-05,boy
2762,1882,Bartholomew,5.7e-05,boy
2763,1882,Baxter,5.7e-05,boy
2764,1882,Billy,5.7e-05,boy
2765,1882,Bird,5.7e-05,boy
2766,1882,Campbell,5.7e-05,boy
2767,1882,Commodore,5.7e-05,boy
2768,1882,Connie,5.7e-05,boy
2769,1882,Dale,5.7e-05,boy
2770,1882,Dayton,5.7e-05,boy
2771,1882,Delmar,5.7e-05,boy
2772,1882,Dow,5.7e-05,boy
2773,1882,Ebbie,5.7e-05,boy
2774,1882,Egbert,5.7e-05,boy
2775,1882,Eligah,5.7e-05,boy
2776,1882,Elizabeth,5.7e-05,boy
2777,1882,Emma,5.7e-05,boy
2778,1882,Ernst,5.7e-05,boy
2779,1882,Essie,5.7e-05,boy
2780,1882,Ethan,5.7e-05,boy
2781,1882,Eustace,5.7e-05,boy
2782,1882,Ewing,5.7e-05,boy
2783,1882,Fate,5.7e-05,boy
2784,1882,Felipe,5.7e-05,boy
2785,1882,Fernand,5.7e-05,boy
2786,1882,Fisher,5.7e-05,boy
2787,1882,Ford,5.7e-05,boy
2788,1882,Gail,5.7e-05,boy
2789,1882,Graham,5.7e-05,boy
2790,1882,Gustaf,5.7e-05,boy
2791,1882,Harland,5.7e-05,boy
2792,1882,Hayes,5.7e-05,boy
2793,1882,Hezekiah,5.7e-05,boy
2794,1882,Hilary,5.7e-05,boy
2795,1882,Hosie,5.7e-05,boy
2796,1882,Isreal,5.7e-05,boy
2797,1882,Ivory,5.7e-05,boy
2798,1882,Joesph,5.7e-05,boy
2799,1882,Julious,5.7e-05,boy
2800,1882,Lemon,5.7e-05,boy
2801,1882,Lora,5.7e-05,boy
2802,1882,Louise,5.7e-05,boy
2803,1882,Manford,5.7e-05,boy
2804,1882,Manning,5.7e-05,boy
2805,1882,Margaret,5.7e-05,boy
2806,1882,Marsh,5.7e-05,boy
2807,1882,Marshal,5.7e-05,boy
2808,1882,Mart,5.7e-05,boy
2809,1882,Mont,5.7e-05,boy
2810,1882,Nat,5.7e-05,boy
2811,1882,Newman,5.7e-05,boy
2812,1882,Nickolas,5.7e-05,boy
2813,1882,Olie,5.7e-05,boy
2814,1882,Park,5.7e-05,boy
2815,1882,Pearley,5.7e-05,boy
2816,1882,Reginald,5.7e-05,boy
2817,1882,Rice,5.7e-05,boy
2818,1882,Rolland,5.7e-05,boy
2819,1882,Rollin,5.7e-05,boy
2820,1882,Roman,5.7e-05,boy
2821,1882,Rome,5.7e-05,boy
2822,1882,Rowland,5.7e-05,boy
2823,1882,Sammie,5.7e-05,boy
2824,1882,Seward,5.7e-05,boy
2825,1882,Shade,5.7e-05,boy
2826,1882,Shelly,5.7e-05,boy
2827,1882,Terry,5.7e-05,boy
2828,1882,Titus,5.7e-05,boy
2829,1882,Tommy,5.7e-05,boy
2830,1882,Unknown,5.7e-05,boy
2831,1882,Vicente,5.7e-05,boy
2832,1882,Weston,5.7e-05,boy
2833,1882,Wheeler,5.7e-05,boy
2834,1882,Williams,5.7e-05,boy
2835,1882,Worth,5.7e-05,boy
2836,1882,Addie,4.9e-05,boy
2837,1882,Alan,4.9e-05,boy
2838,1882,Alberto,4.9e-05,boy
2839,1882,Alexis,4.9e-05,boy
2840,1882,Alf,4.9e-05,boy
2841,1882,Alfonso,4.9e-05,boy
2842,1882,Almon,4.9e-05,boy
2843,1882,Antone,4.9e-05,boy
2844,1882,Arlie,4.9e-05,boy
2845,1882,Asberry,4.9e-05,boy
2846,1882,Ashby,4.9e-05,boy
2847,1882,Auguste,4.9e-05,boy
2848,1882,Auther,4.9e-05,boy
2849,1882,Bart,4.9e-05,boy
2850,1882,Bascom,4.9e-05,boy
2851,1882,Bee,4.9e-05,boy
2852,1882,Birt,4.9e-05,boy
2853,1882,Cameron,4.9e-05,boy
2854,1882,Camille,4.9e-05,boy
2855,1882,Carrie,4.9e-05,boy
2856,1882,Chesley,4.9e-05,boy
2857,1882,Clabe,4.9e-05,boy
2858,1882,Cloyd,4.9e-05,boy
2859,1882,Cooper,4.9e-05,boy
2860,1882,Darius,4.9e-05,boy
2861,1882,Delos,4.9e-05,boy
2862,1882,Dempsey,4.9e-05,boy
2863,1882,Dennie,4.9e-05,boy
2864,1882,Dolph,4.9e-05,boy
2865,1882,Domingo,4.9e-05,boy
2866,1882,Ebb,4.9e-05,boy
2867,1882,Eliga,4.9e-05,boy
2868,1882,Elsworth,4.9e-05,boy
2869,1882,Elwin,4.9e-05,boy
2870,1882,Emilio,4.9e-05,boy
2871,1882,Everette,4.9e-05,boy
2872,1882,Fernando,4.9e-05,boy
2873,1882,Fredric,4.9e-05,boy
2874,1882,French,4.9e-05,boy
2875,1882,Garry,4.9e-05,boy
2876,1882,Gee,4.9e-05,boy
2877,1882,Gerhard,4.9e-05,boy
2878,1882,Gideon,4.9e-05,boy
2879,1882,Grace,4.9e-05,boy
2880,1882,Hansford,4.9e-05,boy
2881,1882,Hardin,4.9e-05,boy
2882,1882,Heber,4.9e-05,boy
2883,1882,Hector,4.9e-05,boy
2884,1882,Hermann,4.9e-05,boy
2885,1882,Hershel,4.9e-05,boy
2886,1882,Hervey,4.9e-05,boy
2887,1882,Hilliard,4.9e-05,boy
2888,1882,Horatio,4.9e-05,boy
2889,1882,Hoyt,4.9e-05,boy
2890,1882,Huston,4.9e-05,boy
2891,1882,Isham,4.9e-05,boy
2892,1882,Jarvis,4.9e-05,boy
2893,1882,Jobe,4.9e-05,boy
2894,1882,Joeseph,4.9e-05,boy
2895,1882,Josephus,4.9e-05,boy
2896,1882,Kirby,4.9e-05,boy
2897,1882,Landon,4.9e-05,boy
2898,1882,Lane,4.9e-05,boy
2899,1882,Lawyer,4.9e-05,boy
2900,1882,Lennie,4.9e-05,boy
2901,1882,Leonidas,4.9e-05,boy
2902,1882,Lesley,4.9e-05,boy
2903,1882,Lillian,4.9e-05,boy
2904,1882,Linn,4.9e-05,boy
2905,1882,Littleton,4.9e-05,boy
2906,1882,Lone,4.9e-05,boy
2907,1882,Ludwig,4.9e-05,boy
2908,1882,Marcellus,4.9e-05,boy
2909,1882,Margarito,4.9e-05,boy
2910,1882,Mattie,4.9e-05,boy
2911,1882,Maxwell,4.9e-05,boy
2912,1882,Melton,4.9e-05,boy
2913,1882,Mervin,4.9e-05,boy
2914,1882,Nellie,4.9e-05,boy
2915,1882,Oran,4.9e-05,boy
2916,1882,Orla,4.9e-05,boy
2917,1882,Orval,4.9e-05,boy
2918,1882,Ott,4.9e-05,boy
2919,1882,Percival,4.9e-05,boy
2920,1882,Press,4.9e-05,boy
2921,1882,Rafael,4.9e-05,boy
2922,1882,Randle,4.9e-05,boy
2923,1882,Reece,4.9e-05,boy
2924,1882,Rene,4.9e-05,boy
2925,1882,Rich,4.9e-05,boy
2926,1882,Roderick,4.9e-05,boy
2927,1882,Rollo,4.9e-05,boy
2928,1882,Rutherford,4.9e-05,boy
2929,1882,Seaborn,4.9e-05,boy
2930,1882,Severt,4.9e-05,boy
2931,1882,Steward,4.9e-05,boy
2932,1882,Sylvanus,4.9e-05,boy
2933,1882,Theadore,4.9e-05,boy
2934,1882,Theophile,4.9e-05,boy
2935,1882,Todd,4.9e-05,boy
2936,1882,Vernie,4.9e-05,boy
2937,1882,Vester,4.9e-05,boy
2938,1882,Wenzel,4.9e-05,boy
2939,1882,Wilhelm,4.9e-05,boy
2940,1882,Wood,4.9e-05,boy
2941,1882,Yee,4.9e-05,boy
2942,1882,Ab,4.1e-05,boy
2943,1882,Adolf,4.1e-05,boy
2944,1882,Alby,4.1e-05,boy
2945,1882,Alcee,4.1e-05,boy
2946,1882,Almer,4.1e-05,boy
2947,1882,Almond,4.1e-05,boy
2948,1882,Alvy,4.1e-05,boy
2949,1882,Amon,4.1e-05,boy
2950,1882,Ansel,4.1e-05,boy
2951,1882,Babe,4.1e-05,boy
2952,1882,Bayard,4.1e-05,boy
2953,1882,Benny,4.1e-05,boy
2954,1882,Bertrand,4.1e-05,boy
2955,1882,Bluford,4.1e-05,boy
2956,1882,Booker,4.1e-05,boy
2957,1882,Bradley,4.1e-05,boy
2958,1882,Bruno,4.1e-05,boy
2959,1882,Burnett,4.1e-05,boy
2960,1882,Burney,4.1e-05,boy
2961,1882,Callie,4.1e-05,boy
2962,1882,Caswell,4.1e-05,boy
2963,1882,Claudie,4.1e-05,boy
2964,1882,Colin,4.1e-05,boy
2965,1882,Conley,4.1e-05,boy
2966,1882,Cortez,4.1e-05,boy
2967,1882,Darwin,4.1e-05,boy
2968,1882,Davie,4.1e-05,boy
2969,1882,Dionicio,4.1e-05,boy
2970,1882,Dominick,4.1e-05,boy
2971,1882,Donnie,4.1e-05,boy
2972,1882,Duff,4.1e-05,boy
2973,1882,Edson,4.1e-05,boy
2974,1882,Elam,4.1e-05,boy
2975,1882,Eldred,4.1e-05,boy
2976,1882,Ell,4.1e-05,boy
2977,1882,Ellery,4.1e-05,boy
2978,1882,Ellwood,4.1e-05,boy
2979,1882,Elva,4.1e-05,boy
2980,1882,Emmit,4.1e-05,boy
2981,1882,Enrique,4.1e-05,boy
2982,1882,Erasmus,4.1e-05,boy
2983,1882,Erie,4.1e-05,boy
2984,1882,Erle,4.1e-05,boy
2985,1882,Essex,4.1e-05,boy
2986,1882,Ewell,4.1e-05,boy
2987,1882,Ewin,4.1e-05,boy
2988,1882,Fabian,4.1e-05,boy
2989,1882,Fleming,4.1e-05,boy
2990,1882,Florencio,4.1e-05,boy
2991,1882,Fremont,4.1e-05,boy
2992,1882,Gaines,4.1e-05,boy
2993,1882,Garnet,4.1e-05,boy
2994,1882,Gaylord,4.1e-05,boy
2995,1882,German,4.1e-05,boy
2996,1882,Greene,4.1e-05,boy
2997,1882,Griffin,4.1e-05,boy
2998,1882,Hallie,4.1e-05,boy
2999,1882,Handy,4.1e-05,boy
3000,1883,John,0.079066,boy
3001,1883,William,0.074558,boy
3002,1883,James,0.046449,boy
3003,1883,Charles,0.042911,boy
3004,1883,George,0.042102,boy
3005,1883,Frank,0.026545,boy
3006,1883,Joseph,0.022367,boy
3007,1883,Henry,0.021184,boy
3008,1883,Robert,0.020749,boy
3009,1883,Thomas,0.020589,boy
3010,1883,Edward,0.020002,boy
3011,1883,Harry,0.018757,boy
3012,1883,Walter,0.015157,boy
3013,1883,Arthur,0.014144,boy
3014,1883,Fred,0.013352,boy
3015,1883,Albert,0.013299,boy
3016,1883,Samuel,0.00833,boy
3017,1883,Clarence,0.007441,boy
3018,1883,Louis,0.007094,boy
3019,1883,David,0.006543,boy
3020,1883,Richard,0.005769,boy
3021,1883,Charlie,0.005716,boy
3022,1883,Ernest,0.005698,boy
3023,1883,Andrew,0.005538,boy
3024,1883,Daniel,0.005467,boy
3025,1883,Joe,0.005396,boy
3026,1883,Oscar,0.005396,boy
3027,1883,Jesse,0.005192,boy
3028,1883,Will,0.005121,boy
3029,1883,Roy,0.004943,boy
3030,1883,Benjamin,0.004516,boy
3031,1883,Carl,0.004267,boy
3032,1883,Sam,0.004232,boy
3033,1883,Willie,0.004214,boy
3034,1883,Alfred,0.004063,boy
3035,1883,Peter,0.004,boy
3036,1883,Frederick,0.003894,boy
3037,1883,Lewis,0.003831,boy
3038,1883,Howard,0.003814,boy
3039,1883,Elmer,0.00376,boy
3040,1883,Herbert,0.003751,boy
3041,1883,Earl,0.003458,boy
3042,1883,Lee,0.003449,boy
3043,1883,Tom,0.003431,boy
3044,1883,Ralph,0.003423,boy
3045,1883,Martin,0.003351,boy
3046,1883,Herman,0.003191,boy
3047,1883,Paul,0.003183,boy
3048,1883,Jacob,0.003165,boy
3049,1883,Clyde,0.002987,boy
3050,1883,Eugene,0.002889,boy
3051,1883,Jim,0.002863,boy
3052,1883,Harvey,0.002827,boy
3053,1883,Claude,0.0028,boy
3054,1883,Michael,0.002729,boy
3055,1883,Ben,0.00272,boy
3056,1883,Edwin,0.002658,boy
3057,1883,Edgar,0.002605,boy
3058,1883,Chester,0.002578,boy
3059,1883,Francis,0.002534,boy
3060,1883,Lawrence,0.002507,boy
3061,1883,Bert,0.002427,boy
3062,1883,Charley,0.002258,boy
3063,1883,Ed,0.002196,boy
3064,1883,Jack,0.002151,boy
3065,1883,Otto,0.002134,boy
3066,1883,Ira,0.002125,boy
3067,1883,Raymond,0.002071,boy
3068,1883,Luther,0.002036,boy
3069,1883,Isaac,0.002018,boy
3070,1883,Guy,0.001991,boy
3071,1883,Oliver,0.001947,boy
3072,1883,Floyd,0.001929,boy
3073,1883,Hugh,0.001911,boy
3074,1883,Patrick,0.001894,boy
3075,1883,Homer,0.001867,boy
3076,1883,August,0.001858,boy
3077,1883,Ray,0.001796,boy
3078,1883,Leonard,0.001778,boy
3079,1883,Alexander,0.001662,boy
3080,1883,Theodore,0.001645,boy
3081,1883,Allen,0.001556,boy
3082,1883,Horace,0.001485,boy
3083,1883,Archie,0.001476,boy
3084,1883,Philip,0.001476,boy
3085,1883,Sidney,0.001467,boy
3086,1883,Marion,0.001449,boy
3087,1883,Julius,0.001422,boy
3088,1883,Jessie,0.001342,boy
3089,1883,Milton,0.001325,boy
3090,1883,Warren,0.001298,boy
3091,1883,Anthony,0.001271,boy
3092,1883,Everett,0.001271,boy
3093,1883,Leroy,0.001271,boy
3094,1883,Leo,0.001262,boy
3095,1883,Bernard,0.001253,boy
3096,1883,Leon,0.001245,boy
3097,1883,Stephen,0.001245,boy
3098,1883,Emil,0.001236,boy
3099,1883,Clifford,0.001227,boy
3100,1883,Dave,0.0012,boy
3101,1883,Perry,0.001182,boy
3102,1883,Willis,0.001165,boy
3103,1883,Grover,0.001129,boy
3104,1883,Eddie,0.001111,boy
3105,1883,Rufus,0.001111,boy
3106,1883,Calvin,0.001085,boy
3107,1883,Alex,0.001067,boy
3108,1883,Dan,0.001067,boy
3109,1883,Leslie,0.001067,boy
3110,1883,Lester,0.001031,boy
3111,1883,Adolph,0.001022,boy
3112,1883,Alvin,0.001005,boy
3113,1883,Amos,0.001005,boy
3114,1883,Dennis,0.000996,boy
3115,1883,Jess,0.000996,boy
3116,1883,Harold,0.00096,boy
3117,1883,Adam,0.000951,boy
3118,1883,Jerry,0.000951,boy
3119,1883,Norman,0.000942,boy
3120,1883,Aaron,0.000933,boy
3121,1883,Wesley,0.000925,boy
3122,1883,Alonzo,0.000889,boy
3123,1883,Wallace,0.000889,boy
3124,1883,Victor,0.00088,boy
3125,1883,Lloyd,0.000871,boy
3126,1883,Mack,0.000871,boy
3127,1883,Jay,0.000862,boy
3128,1883,Jake,0.000853,boy
3129,1883,Melvin,0.000853,boy
3130,1883,Franklin,0.000836,boy
3131,1883,Nathan,0.000827,boy
3132,1883,Cornelius,0.000818,boy
3133,1883,Elbert,0.000818,boy
3134,1883,Elijah,0.000818,boy
3135,1883,Gilbert,0.000818,boy
3136,1883,Phillip,0.000818,boy
3137,1883,Roscoe,0.000818,boy
3138,1883,Willard,0.000818,boy
3139,1883,Claud,0.000809,boy
3140,1883,Lonnie,0.000809,boy
3141,1883,Mark,0.000809,boy
3142,1883,Simon,8e-04,boy
3143,1883,Christopher,0.000791,boy
3144,1883,Maurice,0.000791,boy
3145,1883,Otis,0.000791,boy
3146,1883,Ross,0.000782,boy
3147,1883,Clinton,0.000773,boy
3148,1883,Earnest,0.000773,boy
3149,1883,Emmett,0.000773,boy
3150,1883,Percy,0.000773,boy
3151,1883,Matthew,0.000765,boy
3152,1883,Hiram,0.000756,boy
3153,1883,Levi,0.000756,boy
3154,1883,Fredrick,0.000747,boy
3155,1883,Eli,0.000729,boy
3156,1883,Moses,0.000729,boy
3157,1883,Gus,0.00072,boy
3158,1883,Noah,0.00072,boy
3159,1883,Marshall,0.000702,boy
3160,1883,Nelson,0.000702,boy
3161,1883,Silas,0.000685,boy
3162,1883,Max,0.000667,boy
3163,1883,Morris,0.000667,boy
3164,1883,Jasper,0.000658,boy
3165,1883,Jose,0.000658,boy
3166,1883,Manuel,0.000658,boy
3167,1883,Ellis,0.000649,boy
3168,1883,Irvin,0.000649,boy
3169,1883,Mike,0.000649,boy
3170,1883,Wilbur,0.000649,boy
3171,1883,Alva,0.00064,boy
3172,1883,Wiley,0.00064,boy
3173,1883,Marvin,0.000631,boy
3174,1883,Nicholas,0.000631,boy
3175,1883,Virgil,0.000622,boy
3176,1883,Sylvester,0.000613,boy
3177,1883,Felix,0.000605,boy
3178,1883,Stanley,0.000605,boy
3179,1883,Russell,0.000596,boy
3180,1883,Wilson,0.000596,boy
3181,1883,Glenn,0.000578,boy
3182,1883,Mose,0.000578,boy
3183,1883,Ora,0.000578,boy
3184,1883,Anton,0.00056,boy
3185,1883,Dock,0.00056,boy
3186,1883,Edmund,0.00056,boy
3187,1883,Harley,0.00056,boy
3188,1883,Owen,0.00056,boy
3189,1883,Bob,0.000551,boy
3190,1883,Steve,0.000551,boy
3191,1883,Timothy,0.000551,boy
3192,1883,Asa,0.000542,boy
3193,1883,Harrison,0.000542,boy
3194,1883,Ollie,0.000542,boy
3195,1883,Rudolph,0.000542,boy
3196,1883,Newton,0.000524,boy
3197,1883,Orville,0.000524,boy
3198,1883,Clayton,0.000516,boy
3199,1883,Pearl,0.000507,boy
3200,1883,Reuben,0.000507,boy
3201,1883,Joshua,0.000489,boy
3202,1883,Don,0.00048,boy
3203,1883,Wade,0.00048,boy
3204,1883,Augustus,0.000471,boy
3205,1883,Curtis,0.000471,boy
3206,1883,Hubert,0.000471,boy
3207,1883,Abraham,0.000462,boy
3208,1883,Donald,0.000462,boy
3209,1883,Edmond,0.000462,boy
3210,1883,Preston,0.000462,boy
3211,1883,Cecil,0.000453,boy
3212,1883,Joel,0.000453,boy
3213,1883,Lon,0.000453,boy
3214,1883,Bill,0.000444,boy
3215,1883,Bruce,0.000444,boy
3216,1883,Byron,0.000444,boy
3217,1883,Christian,0.000444,boy
3218,1883,Ike,0.000444,boy
3219,1883,Juan,0.000444,boy
3220,1883,Columbus,0.000436,boy
3221,1883,Garfield,0.000436,boy
3222,1883,Gustave,0.000436,boy
3223,1883,Nathaniel,0.000436,boy
3224,1883,Barney,0.000427,boy
3225,1883,Johnnie,0.000427,boy
3226,1883,Julian,0.000427,boy
3227,1883,Sherman,0.000427,boy
3228,1883,Chris,0.000418,boy
3229,1883,Cyrus,0.000418,boy
3230,1883,Scott,0.000418,boy
3231,1883,Ervin,0.000409,boy
3232,1883,Irving,0.000409,boy
3233,1883,Monroe,0.000409,boy
3234,1883,Vernon,0.000409,boy
3235,1883,Winfield,0.000409,boy
3236,1883,Clark,4e-04,boy
3237,1883,Riley,4e-04,boy
3238,1883,Solomon,4e-04,boy
3239,1883,Elias,0.000391,boy
3240,1883,Enoch,0.000391,boy
3241,1883,Gustav,0.000391,boy
3242,1883,Jeff,0.000391,boy
3243,1883,Millard,0.000391,boy
3244,1883,Abe,0.000382,boy
3245,1883,Andy,0.000382,boy
3246,1883,Austin,0.000382,boy
3247,1883,Delbert,0.000382,boy
3248,1883,Edd,0.000382,boy
3249,1883,Emery,0.000382,boy
3250,1883,Pete,0.000382,boy
3251,1883,Vincent,0.000382,boy
3252,1883,Arnold,0.000373,boy
3253,1883,Bud,0.000373,boy
3254,1883,Elisha,0.000373,boy
3255,1883,Louie,0.000373,boy
3256,1883,Miles,0.000373,boy
3257,1883,Wilfred,0.000373,boy
3258,1883,Lemuel,0.000364,boy
3259,1883,Major,0.000364,boy
3260,1883,Burton,0.000356,boy
3261,1883,Matt,0.000347,boy
3262,1883,Anderson,0.000338,boy
3263,1883,Arch,0.000338,boy
3264,1883,Chas,0.000338,boy
3265,1883,Conrad,0.000338,boy
3266,1883,Emory,0.000338,boy
3267,1883,Gordon,0.000338,boy
3268,1883,Hugo,0.000338,boy
3269,1883,Luke,0.000338,boy
3270,1883,Marcus,0.000338,boy
3271,1883,Wilbert,0.000338,boy
3272,1883,Jeremiah,0.000329,boy
3273,1883,Mathew,0.000329,boy
3274,1883,Ambrose,0.00032,boy
3275,1883,Jerome,0.00032,boy
3276,1883,Nick,0.00032,boy
3277,1883,Roland,0.00032,boy
3278,1883,Burt,0.000311,boy
3279,1883,Cleveland,0.000311,boy
3280,1883,Ole,0.000311,boy
3281,1883,Emanuel,0.000302,boy
3282,1883,Jackson,0.000302,boy
3283,1883,Douglas,0.000293,boy
3284,1883,Earle,0.000293,boy
3285,1883,Green,0.000293,boy
3286,1883,Karl,0.000293,boy
3287,1883,Lynn,0.000293,boy
3288,1883,Foster,0.000284,boy
3289,1883,Grant,0.000284,boy
3290,1883,Jefferson,0.000284,boy
3291,1883,Mary,0.000284,boy
3292,1883,Tony,0.000284,boy
3293,1883,Carroll,0.000276,boy
3294,1883,Clem,0.000276,boy
3295,1883,Clement,0.000276,boy
3296,1883,Van,0.000276,boy
3297,1883,Antonio,0.000267,boy
3298,1883,Chauncey,0.000267,boy
3299,1883,Ellsworth,0.000267,boy
3300,1883,Ferdinand,0.000267,boy
3301,1883,Isaiah,0.000267,boy
3302,1883,Mitchell,0.000267,boy
3303,1883,Ned,0.000267,boy
3304,1883,Ruben,0.000267,boy
3305,1883,Benjiman,0.000258,boy
3306,1883,Ivan,0.000258,boy
3307,1883,Neal,0.000258,boy
3308,1883,Alton,0.000249,boy
3309,1883,Archibald,0.000249,boy
3310,1883,Ezra,0.000249,boy
3311,1883,Forest,0.000249,boy
3312,1883,Hans,0.000249,boy
3313,1883,Irwin,0.000249,boy
3314,1883,Laurence,0.000249,boy
3315,1883,Spencer,0.000249,boy
3316,1883,Zack,0.000249,boy
3317,1883,Abner,0.00024,boy
3318,1883,Fletcher,0.00024,boy
3319,1883,Glen,0.00024,boy
3320,1883,Josh,0.00024,boy
3321,1883,Taylor,0.00024,boy
3322,1883,Ward,0.00024,boy
3323,1883,Clifton,0.000231,boy
3324,1883,Elliott,0.000231,boy
3325,1883,Erwin,0.000231,boy
3326,1883,Jimmie,0.000231,boy
3327,1883,Kenneth,0.000231,boy
3328,1883,Lyman,0.000231,boy
3329,1883,Seth,0.000231,boy
3330,1883,Clay,0.000222,boy
3331,1883,Emmet,0.000222,boy
3332,1883,Forrest,0.000222,boy
3333,1883,General,0.000222,boy
3334,1883,Lucius,0.000222,boy
3335,1883,Wayne,0.000222,boy
3336,1883,Allie,0.000213,boy
3337,1883,Berry,0.000213,boy
3338,1883,Dick,0.000213,boy
3339,1883,Dudley,0.000213,boy
3340,1883,Elwood,0.000213,boy
3341,1883,Francisco,0.000213,boy
3342,1883,Isiah,0.000213,boy
3343,1883,Judge,0.000213,boy
3344,1883,Lem,0.000213,boy
3345,1883,Roger,0.000213,boy
3346,1883,Emile,0.000204,boy
3347,1883,Hamilton,0.000204,boy
3348,1883,Malcolm,0.000204,boy
3349,1883,Merle,0.000204,boy
3350,1883,Merton,0.000204,boy
3351,1883,Neil,0.000204,boy
3352,1883,Omer,0.000204,boy
3353,1883,Phil,0.000204,boy
3354,1883,Porter,0.000204,boy
3355,1883,Sandy,0.000204,boy
3356,1883,Sim,0.000204,boy
3357,1883,Vern,0.000204,boy
3358,1883,Carlos,0.000196,boy
3359,1883,Dee,0.000196,boy
3360,1883,Guss,0.000196,boy
3361,1883,Jonas,0.000196,boy
3362,1883,Judson,0.000196,boy
3363,1883,King,0.000196,boy
3364,1883,Loren,0.000196,boy
3365,1883,Madison,0.000196,boy
3366,1883,Myron,0.000196,boy
3367,1883,Napoleon,0.000196,boy
3368,1883,Otho,0.000196,boy
3369,1883,Sanford,0.000196,boy
3370,1883,Al,0.000187,boy
3371,1883,Bennie,0.000187,boy
3372,1883,Boyd,0.000187,boy
3373,1883,Dewitt,0.000187,boy
3374,1883,Harve,0.000187,boy
3375,1883,Leland,0.000187,boy
3376,1883,Lige,0.000187,boy
3377,1883,Lucian,0.000187,boy
3378,1883,Royal,0.000187,boy
3379,1883,Truman,0.000187,boy
3380,1883,Abram,0.000178,boy
3381,1883,Addison,0.000178,boy
3382,1883,Aubrey,0.000178,boy
3383,1883,Emerson,0.000178,boy
3384,1883,Frederic,0.000178,boy
3385,1883,Freeman,0.000178,boy
3386,1883,Hal,0.000178,boy
3387,1883,Junius,0.000178,boy
3388,1883,Logan,0.000178,boy
3389,1883,Lorenzo,0.000178,boy
3390,1883,Merrill,0.000178,boy
3391,1883,Milo,0.000178,boy
3392,1883,Murray,0.000178,boy
3393,1883,Pat,0.000178,boy
3394,1883,Ramon,0.000178,boy
3395,1883,Sterling,0.000178,boy
3396,1883,Walker,0.000178,boy
3397,1883,Wash,0.000178,boy
3398,1883,Washington,0.000178,boy
3399,1883,Webster,0.000178,boy
3400,1883,Wilford,0.000178,boy
3401,1883,Adolphus,0.000169,boy
3402,1883,Allan,0.000169,boy
3403,1883,Carey,0.000169,boy
3404,1883,Carlton,0.000169,boy
3405,1883,Dallas,0.000169,boy
3406,1883,Enos,0.000169,boy
3407,1883,Jean,0.000169,boy
3408,1883,Morgan,0.000169,boy
3409,1883,Nels,0.000169,boy
3410,1883,Rolla,0.000169,boy
3411,1883,Alvah,0.00016,boy
3412,1883,Benton,0.00016,boy
3413,1883,Bertram,0.00016,boy
3414,1883,Doc,0.00016,boy
3415,1883,Duncan,0.00016,boy
3416,1883,Elza,0.00016,boy
3417,1883,Evan,0.00016,boy
3418,1883,Evert,0.00016,boy